category,jp,reading,kr
daily,交差点,こうさてん,교차로 / 사거리 (길 찾기)
daily,角,かど,모퉁이 / 길모퉁이
daily,信号,しんごう,신호등
daily,まっすぐ,まっすぐ,똑바로 / 직진
daily,曲がる,まがる,돌다 / 꺾다
daily,横断歩道,おうだんほどう,횡단보도
daily,突き当たり,つきあたり,막다른 길 / 길의 끝
daily,反対側,はんたいがわ,반대편 / 맞은편
daily,試着,しちゃく,시착 / 입어봄 (쇼핑)
daily,会計,かいけい,계산 / 회계
daily,割引,わりびき,할인
daily,売り切れ,うりきれ,품절 / 매진
daily,領収書,りょうしゅうしょ,영수증
daily,お釣り,おつり,거스름돈
daily,返品,へんぴん,반품
daily,交換,こうかん,교환
daily,袋,ふくろ,쇼핑백 / 비닐봉투
daily,嬉しい,うれしい,기쁘다 (감정)
daily,悲しい,かなしい,슬프다
daily,心配,しんぱい,걱정 / 염려
daily,驚く,おどろく,놀라다
daily,恥ずかしい,はずかしい,부끄럽다 / 창피하다
daily,悔しい,くやしい,분하다 / 억울하다
daily,懐かしい,なつかしい,그립다
daily,寂しい,さびしい,외롭다 / 섭섭하다
daily,賛成,さんせい,찬성 (의사 표현)
daily,反対,はんたい,반대
daily,必要,ひつよう,필요
daily,理由,りゆう,이유
daily,意見,いけん,의견
daily,確か,たしか,확실히 / 아마
daily,やっぱり,やっぱり,역시
daily,予約,よやく,예약
daily,案内,あんない,안내
daily,遠慮,えんりょ,사양 / 자제
daily,都合,つごう,일정 / 형편
daily,連絡,れんらく,연락
daily,相談,そうだん,상담 / 상의
daily,約束,やくそく,약속
daily,手伝う,てつだう,돕다
daily,誘う,さそう,권유하다 / 초대하다
daily,断る,ことわる,거절하다
daily,伝える,つたえる,전하다
daily,調子,ちょうし,몸 상태 / 컨디션
daily,気分,きぶん,기분
daily,気分転換,きぶんてんかん,기분 전환
daily,安心,あんしん,안심
daily,満足,まんぞく,만족
daily,感謝,かんしゃ,감사
daily,謝る,あやまる,사과하다
business,検討,けんとう,검토 (비즈니스)
business,共有,きょうゆう,공유
business,承知,しょうち,잘 알아들음 / 알겠습니다
business,件名,けんめい,제목 (이메일)
business,添付,てんぷ,첨부 (이메일 파일)
business,確認,かくにん,확인
business,返信,へんしん,답장 / 답신
business,送付,そうふ,송부 / 보내다
business,受領,じゅりょう,수령 / 받음
business,転送,てんそう,전송 / 전달
business,打ち合わせ,うちあわせ,사전 미팅 / 회의
business,議題,ぎだい,의제 / 안건
business,議事録,ぎじろく,회의록
business,提案,ていあん,제안
business,交渉,こうしょう,협상 / 교섭
business,妥協,だきょう,타협
business,調整,ちょうせい,조율 / 일정 조정
business,合意,ごうい,합의
business,保留,ほりゅう,보류
business,見送り,みおくり,보류 / 취소
business,稟議,りんぎ,결재 / 품의
business,依頼,いらい,의뢰 / 부탁
business,担当,たんとう,담당
business,締切,しめきり,마감일 / 기한
business,進捗,しんちょく,진척 / 진행 상황
business,契約,けいやく,계약
business,見積もり,みつもり,견적
business,予算,よさん,예산
business,実績,じっせき,실적
business,目標,もくひょう,목표
business,顧客,こきゃく,고객 / 클라이언트
business,来訪,らいほう,방문
business,応接,おうせつ,응접 / 손님 맞이
business,名刺,めいし,명함
business,挨拶,あいさつ,인사말
business,日程,にってい,일정
business,延期,えんき,연기 / 미룸
business,前倒し,まえだおし,일정을 당김
business,直行,ちょっこう,현장으로 바로 출근
business,直帰,ちょっき,현장에서 바로 퇴근
business,出張,しゅっちょう,출장
business,部署,ぶしょ,부서
business,役職,やくしょく,직책 / 직급
business,上司,じょうし,상사
business,部下,ぶか,부하 직원
business,引き継ぎ,ひきつぎ,업무 인수인계
business,効率,こうりつ,효율
business,課題,かだい,과제 / 문제점
business,対策,たいさく,대책
daily,楽しい,たのしい,즐겁다
daily,怖い,こわい,무섭다
daily,うらやましい,うらやましい,부럽다
daily,つまらない,つまらない,시시하다 / 재미없다
daily,面白い,おもしろい,재미있다
daily,おかしい,おかしい,이상하다 / 우습다
daily,かわいい,かわいい,귀엽다
daily,かっこいい,かっこいい,멋있다
daily,すごい,すごい,대단하다
daily,素晴らしい,すばらしい,훌륭하다
daily,素敵,すてき,멋짐 / 근사함
daily,最高,さいこう,최고
daily,最悪,さいあく,최악
daily,ひどい,ひどい,심하다 / 지독하다
daily,残念,ざんねん,아쉬움 / 유감
daily,不安,ふあん,불안
daily,緊張,きんちょう,긴장
daily,興奮,こうふん,흥분
daily,感動,かんどう,감동
daily,不満,ふまん,불만
daily,我慢,がまん,참음 / 인내
daily,びっくり,びっくり,깜짝 놀람
daily,怒る,おこる,화내다
daily,笑う,わらう,웃다
daily,泣く,なく,울다
daily,喜ぶ,よろこぶ,기뻐하다
daily,悲しむ,かなしむ,슬퍼하다
daily,困る,こまる,곤란하다
daily,慌てる,あわてる,당황하다
daily,焦る,あせる,초조해하다
daily,疲れる,つかれる,지치다
daily,苦しい,くるしい,괴롭다 / 답답하다
daily,つらい,辛い,힘들다 / 괴롭다
daily,痛い,いたい,아프다
daily,かゆい,痒い,가렵다
daily,眠い,ねむい,졸리다
daily,だるい,だるい,나른하다 / 몸이 무겁다
daily,気持ちいい,きもちいい,기분 좋다
daily,気持ち悪い,きもちわるい,기분 나쁘다 / 속이 안 좋다
daily,機嫌,きげん,기분 / 심기
daily,感じ,かんじ,느낌
daily,感じる,かんじる,느끼다
daily,気持ち,きもち,마음 / 기분
daily,心,こころ,마음
daily,愛,あい,사랑
daily,恋,こい,연애 감정 / 사랑
daily,好き,すき,좋아함
daily,大好き,だいすき,아주 좋아함
daily,嫌い,きらい,싫어함
daily,大嫌い,だいきらい,아주 싫어함
daily,愛する,あいする,사랑하다
daily,恋人,こいびと,연인
daily,片思い,かたおもい,짝사랑
daily,告白,こくはく,고백
daily,デート,デート,데이트
daily,結婚,けっこん,결혼
daily,離婚,りこん,이혼
daily,彼,かれ,그 / 남자친구
daily,彼女,かのじょ,그녀 / 여자친구
daily,友達,ともだち,친구
daily,親友,しんゆう,절친
daily,仲がいい,なかがいい,사이가 좋다
daily,けんか,喧嘩,싸움
daily,仲直り,なかなおり,화해
daily,信頼,しんらい,신뢰
daily,尊敬,そんけい,존경
daily,謝罪,しゃざい,사죄
daily,許す,ゆるす,용서하다 / 허락하다
daily,励ます,はげます,격려하다
daily,慰める,なぐさめる,위로하다
daily,褒める,ほめる,칭찬하다
daily,叱る,しかる,꾸짖다
daily,からかう,からかう,놀리다
daily,冗談,じょうだん,농담
daily,文句,もんく,불평
daily,愚痴,ぐち,푸념
daily,うるさい,うるさい,시끄럽다 / 귀찮다
daily,しつこい,しつこい,끈질기다 / 집요하다
daily,ずるい,ずるい,치사하다 / 교활하다
daily,優しい,やさしい,상냥하다
daily,親切,しんせつ,친절함
daily,厳しい,きびしい,엄하다 / 혹독하다
daily,冷たい,つめたい,차갑다 / 냉정하다
daily,明るい,あかるい,밝다 / 쾌활하다
daily,暗い,くらい,어둡다 / 우울하다
daily,元気,げんき,건강함 / 기운참
daily,静か,しずか,조용함
daily,賑やか,にぎやか,활기참 / 북적임
daily,真面目,まじめ,성실함
daily,正直,しょうじき,정직함
daily,素直,すなお,순순함 / 솔직함
daily,わがまま,わがまま,제멋대로임
daily,頑固,がんこ,완고함
daily,乱暴,らんぼう,난폭함
daily,大人しい,おとなしい,얌전하다
daily,積極的,せっきょくてき,적극적
daily,消極的,しょうきょくてき,소극적
daily,勇気,ゆうき,용기
daily,自信,じしん,자신감
daily,努力,どりょく,노력
daily,頑張る,がんばる,힘내다
daily,頑張って,がんばって,힘내!
daily,応援,おうえん,응원
daily,期待,きたい,기대
daily,希望,きぼう,희망
daily,夢,ゆめ,꿈
daily,幸せ,しあわせ,행복
daily,不幸,ふこう,불행
daily,運,うん,운
daily,ラッキー,ラッキー,행운
daily,楽,らく,편함
daily,便利,べんり,편리함
daily,不便,ふべん,불편함
daily,退屈,たいくつ,지루함
daily,忙しい,いそがしい,바쁘다
daily,暇,ひま,한가함
daily,急に,きゅうに,갑자기
daily,思わず,おもわず,엉겁결에
daily,つい,つい,그만 / 무심코
daily,なんとなく,なんとなく,왠지
daily,なんだか,なんだか,왠지 / 어쩐지
daily,がっかり,がっかり,실망하는 모양
daily,ほっと,ほっと,안도하는 모양
daily,どきどき,どきどき,두근두근
daily,わくわく,わくわく,설레는 모양
daily,いらいら,いらいら,초조 / 짜증
daily,ぼんやり,ぼんやり,멍하니
daily,うっかり,うっかり,깜빡
daily,はらはら,はらはら,조마조마
daily,にこにこ,にこにこ,싱글벙글
daily,びくびく,びくびく,벌벌
daily,頭が痛い,あたまがいたい,머리가 아프다
daily,お腹が痛い,おなかがいたい,배가 아프다
daily,お腹がすく,おなかがすく,배가 고프다
daily,のどが渇く,のどがかわく,목이 마르다
daily,熱がある,ねつがある,열이 있다
daily,風邪をひく,かぜをひく,감기에 걸리다
daily,咳が出る,せきがでる,기침이 나다
daily,鼻水,はなみず,콧물
daily,くしゃみ,くしゃみ,재채기
daily,寒気,さむけ,오한
daily,めまい,めまい,어지럼증
daily,吐き気,はきけ,메스꺼움
daily,元気を出して,げんきをだして,기운 내
daily,心配しないで,しんぱいしないで,걱정하지 마
daily,気にしないで,きにしないで,신경 쓰지 마
daily,楽しみにしています,たのしみにしています,기대하고 있습니다
daily,嬉しいです,うれしいです,기쁩니다
daily,悲しいです,かなしいです,슬픕니다
daily,残念です,ざんねんです,유감입니다 / 아쉽습니다
daily,驚きました,おどろきました,놀랐습니다
daily,困りました,こまりました,곤란합니다
daily,疲れました,つかれました,지쳤습니다
daily,眠いです,ねむいです,졸립니다
daily,お腹がいっぱい,おなかがいっぱい,배가 부르다
daily,びっくりしました,びっくりしました,깜짝 놀랐습니다
daily,信じられない,しんじられない,믿을 수 없다
daily,うらやましいです,うらやましいです,부럽습니다
daily,がっかりしました,がっかりしました,실망했습니다
daily,ほっとしました,ほっとしました,안심했습니다
daily,感動しました,かんどうしました,감동했습니다
daily,緊張しています,きんちょうしています,긴장하고 있습니다
daily,怒っています,おこっています,화가 났습니다
daily,寂しいです,さびしいです,외롭습니다
daily,恥ずかしいです,はずかしいです,부끄럽습니다
daily,楽しかった,たのしかった,즐거웠다
daily,面白かった,おもしろかった,재미있었다
daily,美味しい,おいしい,맛있다
daily,まずい,不味い,맛없다
daily,甘い,あまい,달다
daily,辛い,からい,맵다
daily,酸っぱい,すっぱい,시다
daily,苦い,にがい,쓰다
daily,しょっぱい,しょっぱい,짜다
daily,熱い,あつい,뜨겁다
daily,暑い,あつい,덥다
daily,寒い,さむい,춥다
daily,涼しい,すずしい,시원하다
daily,暖かい,あたたかい,따뜻하다
daily,温かい,あたたかい,따뜻하다 (음식 등)
daily,新しい,あたらしい,새롭다
daily,古い,ふるい,오래되다
daily,若い,わかい,젊다
daily,危ない,あぶない,위험하다
daily,安全,あんぜん,안전
daily,危険,きけん,위험
daily,汚い,きたない,더럽다
daily,きれい,きれい,예쁨 / 깨끗함
daily,美しい,うつくしい,아름답다
daily,派手,はで,화려함
daily,地味,じみ,수수함
daily,上手,じょうず,능숙함
daily,下手,へた,서투름
daily,得意,とくい,자신 있음 / 잘함
daily,苦手,にがて,서투름 / 질색
daily,好き嫌い,すききらい,좋고 싫음 / 편식
daily,おはようございます,おはようございます,안녕하세요 (아침)
daily,こんにちは,こんにちは,안녕하세요 (낮)
daily,こんばんは,こんばんは,안녕하세요 (저녁)
daily,さようなら,さようなら,안녕히 가세요
daily,おやすみなさい,おやすみなさい,안녕히 주무세요
daily,ありがとうございます,ありがとうございます,감사합니다
daily,どういたしまして,どういたしまして,천만에요
daily,すみません,すみません,죄송합니다 / 저기요
daily,ごめんなさい,ごめんなさい,미안합니다
daily,失礼します,しつれいします,실례합니다
daily,はじめまして,はじめまして,처음 뵙겠습니다
daily,よろしくお願いします,よろしくおねがいします,잘 부탁드립니다
daily,お疲れ様です,おつかれさまです,수고하셨습니다
daily,いただきます,いただきます,잘 먹겠습니다
daily,ごちそうさまでした,ごちそうさまでした,잘 먹었습니다
daily,いってきます,いってきます,다녀오겠습니다
daily,いってらっしゃい,いってらっしゃい,다녀오세요
daily,ただいま,ただいま,다녀왔습니다
daily,おかえりなさい,おかえりなさい,어서 오세요 (귀가)
daily,お先に,おさきに,먼저 (갈게요)
daily,お願いします,おねがいします,부탁합니다
daily,お久しぶりです,おひさしぶりです,오랜만입니다
daily,お元気ですか,おげんきですか,잘 지내세요?
daily,おかげさまで,おかげさまで,덕분에
daily,お大事に,おだいじに,몸조리 잘 하세요
daily,おめでとう,おめでとう,축하해
daily,気をつけて,きをつけて,조심해
daily,どうぞ,どうぞ,"자, 어서 (권유)"
daily,どうも,どうも,고마워요 / 안녕
daily,はい,はい,네
daily,いいえ,いいえ,아니요
daily,ええ,ええ,네 (정중한 대답)
daily,そうです,そうです,그렇습니다
daily,そうですか,そうですか,그렇습니까?
daily,そうですね,そうですね,그렇네요
daily,本当,ほんとう,정말
daily,もちろん,もちろん,물론
daily,たぶん,多分,아마
daily,きっと,きっと,분명히
daily,もしかしたら,もしかしたら,혹시
daily,ちょっと,ちょっと,조금 / 좀
daily,少し,すこし,조금
daily,もう少し,もうすこし,조금 더
daily,たくさん,たくさん,많이
daily,全然,ぜんぜん,전혀
daily,あまり,あまり,별로 (부정과 함께)
daily,とても,とても,매우
daily,かなり,かなり,꽤
daily,結構,けっこう,꽤 / 괜찮음
daily,ぜひ,是非,꼭
daily,必ず,かならず,반드시
daily,すぐ,すぐ,곧 / 바로
daily,さっき,さっき,아까
daily,あとで,後で,나중에
daily,まだ,まだ,아직
daily,もう,もう,이미 / 벌써
daily,やっと,やっと,겨우 / 드디어
daily,ずっと,ずっと,쭉 / 계속
daily,また,また,또 / 다시
daily,もっと,もっと,더
daily,一番,いちばん,가장 / 제일
daily,特に,とくに,특히
daily,例えば,たとえば,예를 들면
daily,いつも,いつも,항상
daily,よく,よく,자주 / 잘
daily,時々,ときどき,가끔
daily,たまに,たまに,드물게 / 가끔
daily,初めて,はじめて,처음으로
daily,やはり,やはり,역시
daily,実は,じつは,실은
daily,でも,でも,하지만
daily,しかし,しかし,그러나
daily,だから,だから,그래서
daily,それで,それで,그래서 / 그리고
daily,それから,それから,그리고 나서
daily,そして,そして,그리고
daily,それに,それに,게다가
daily,ところで,ところで,그런데 (화제 전환)
daily,では,では,그러면
daily,じゃあ,じゃあ,그럼
daily,つまり,つまり,즉
daily,または,または,또는
daily,あるいは,あるいは,혹은
daily,ただし,ただし,다만
daily,もう一度お願いします,もういちどおねがいします,한 번 더 부탁합니다
daily,ゆっくり話してください,ゆっくりはなしてください,천천히 말해 주세요
daily,分かりました,わかりました,알겠습니다
daily,分かりません,わかりません,모르겠습니다
daily,知っています,しっています,알고 있습니다
daily,知りません,しりません,모릅니다
daily,大丈夫です,だいじょうぶです,괜찮습니다
daily,結構です,けっこうです,괜찮습니다 (거절)
daily,いいですよ,いいですよ,좋아요
daily,だめです,だめです,안 됩니다
daily,無理です,むりです,무리입니다
daily,できます,できます,할 수 있습니다
daily,できません,できません,할 수 없습니다
daily,待ってください,まってください,기다려 주세요
daily,手伝ってください,てつだってください,도와주세요
daily,教えてください,おしえてください,가르쳐 주세요
daily,見せてください,みせてください,보여 주세요
daily,貸してください,かしてください,빌려 주세요
daily,書いてください,かいてください,써 주세요
daily,呼んでください,よんでください,불러 주세요
daily,来てください,きてください,와 주세요
daily,座ってください,すわってください,앉아 주세요
daily,入ってください,はいってください,들어오세요
daily,止めてください,とめてください,세워 주세요
daily,使ってもいいですか,つかってもいいですか,써도 됩니까?
daily,座ってもいいですか,すわってもいいですか,앉아도 됩니까?
daily,写真を撮ってもいいですか,しゃしんをとってもいいですか,사진 찍어도 됩니까?
daily,窓を開けてもいいですか,まどをあけてもいいですか,창문을 열어도 됩니까?
daily,〜てはいけません,〜てはいけません,~하면 안 됩니다
daily,〜なければなりません,〜なければなりません,~해야 합니다
daily,〜たほうがいい,〜たほうがいい,~하는 편이 좋다
daily,〜たいです,〜たいです,~하고 싶습니다
daily,〜と思います,とおもいます,~라고 생각합니다
daily,〜かもしれません,〜かもしれません,~일지도 모릅니다
daily,〜でしょう,〜でしょう,~일 겁니다
daily,〜ませんか,〜ませんか,~하지 않겠습니까? (권유)
daily,〜ましょう,〜ましょう,~합시다
daily,〜ましょうか,〜ましょうか,~할까요?
daily,〜つもりです,〜つもりです,~할 생각입니다
daily,〜予定です,よていです,~할 예정입니다
daily,〜ようにします,〜ようにします,~하도록 하겠습니다
daily,〜そうです,〜そうです,~일 것 같습니다 / ~라고 합니다
daily,〜らしい,〜らしい,~인 것 같다 / ~답다
daily,〜ながら,〜ながら,~하면서
daily,〜ので,〜ので,~이므로 / ~이니까
daily,〜のに,〜のに,~인데도
daily,〜ば,〜ば,~하면
daily,〜たら,〜たら,~하면 / ~했더니
daily,〜と,〜と,~하면 (필연)
daily,〜ても,〜ても,~해도
daily,〜てから,〜てから,~하고 나서
daily,〜まえに,前に,~하기 전에
daily,〜あとで,後で,~한 후에
daily,〜ことがあります,〜ことがあります,~한 적이 있습니다
daily,〜ことができます,〜ことができます,~할 수 있습니다
daily,〜ほうがいいです,〜ほうがいいです,~하는 편이 좋습니다
daily,〜すぎる,〜すぎる,너무 ~하다
daily,〜やすい,〜やすい,~하기 쉽다
daily,〜にくい,〜にくい,~하기 어렵다
daily,〜はじめる,始める,~하기 시작하다
daily,〜おわる,終わる,~를 끝내다
daily,〜つづける,続ける,계속 ~하다
daily,〜てみる,〜てみる,~해 보다
daily,〜ておく,〜ておく,~해 두다
daily,〜てしまう,〜てしまう,~해 버리다
daily,〜てあげる,〜てあげる,~해 주다 (내가 남에게)
daily,〜てもらう,〜てもらう,~해 받다
daily,〜てくれる,〜てくれる,~해 주다 (남이 나에게)
daily,〜ている,〜ている,~하고 있다 / ~해 있다
daily,〜てある,〜てある,~해져 있다
daily,考え,かんがえ,생각
daily,同じ,おなじ,같은
daily,違う,ちがう,다르다 / 틀리다
daily,正しい,ただしい,옳다 / 바르다
daily,間違い,まちがい,실수 / 틀림
daily,目的,もくてき,목적
daily,方法,ほうほう,방법
daily,意味,いみ,의미
daily,質問,しつもん,질문
daily,答え,こたえ,대답 / 답
daily,説明,せつめい,설명
daily,予定,よてい,예정
daily,返事,へんじ,답장 / 대답
daily,お願い,おねがい,부탁
daily,お礼,おれい,감사 인사
daily,招待,しょうたい,초대
daily,紹介,しょうかい,소개
daily,頼む,たのむ,부탁하다
daily,決める,きめる,정하다
daily,選ぶ,えらぶ,고르다
daily,迷う,まよう,망설이다 / 헤매다
daily,信じる,しんじる,믿다
daily,約束する,やくそくする,약속하다
daily,話す,はなす,말하다
daily,言う,いう,말하다
daily,聞く,きく,듣다 / 묻다
daily,答える,こたえる,대답하다
daily,聞こえる,きこえる,들리다
daily,見える,みえる,보이다
daily,考える,かんがえる,생각하다
daily,思う,おもう,생각하다 / 느끼다
daily,思い出す,おもいだす,기억해 내다
daily,覚える,おぼえる,외우다 / 기억하다
daily,忘れる,わすれる,잊다
daily,知らせる,しらせる,알리다
daily,気がつく,きがつく,알아차리다
daily,気に入る,きにいる,마음에 들다
daily,気になる,きになる,신경 쓰이다
daily,気をつける,きをつける,조심하다
daily,わかる,分かる,알다 / 이해하다
daily,できる,できる,할 수 있다
daily,始める,はじめる,시작하다
daily,続ける,つづける,계속하다
daily,やめる,やめる,그만두다
daily,続く,つづく,계속되다
daily,終わる,おわる,끝나다
daily,間に合う,まにあう,시간에 대다
daily,助ける,たすける,구하다 / 돕다
daily,急ぐ,いそぐ,서두르다
daily,待つ,まつ,기다리다
daily,会う,あう,만나다
daily,別れる,わかれる,헤어지다
daily,集まる,あつまる,모이다
daily,集める,あつめる,모으다
daily,比べる,くらべる,비교하다
daily,変わる,かわる,바뀌다
daily,変える,かえる,바꾸다
daily,直す,なおす,고치다
daily,慣れる,なれる,익숙해지다
daily,覚悟,かくご,각오
daily,自由,じゆう,자유
daily,無理,むり,무리
daily,十分,じゅうぶん,충분
daily,大切,たいせつ,소중함
daily,大事,だいじ,중요함
daily,普通,ふつう,보통
daily,特別,とくべつ,특별
daily,別,べつ,다른 / 별개
daily,本当に,ほんとうに,정말로
daily,はっきり,はっきり,분명히
daily,しっかり,しっかり,꽉 / 단단히
daily,ゆっくり,ゆっくり,천천히
daily,そろそろ,そろそろ,슬슬
daily,ちょうど,ちょうど,딱 / 마침
daily,いろいろ,色々,여러 가지
daily,だんだん,だんだん,점점
daily,どんどん,どんどん,자꾸자꾸
daily,もうすぐ,もうすぐ,이제 곧
daily,さらに,さらに,더욱
daily,ほとんど,ほとんど,거의
daily,全部,ぜんぶ,전부
daily,半分,はんぶん,절반
daily,〜だけ,〜だけ,~만
daily,〜しか,〜しか,~밖에
daily,〜ばかり,〜ばかり,~만 / ~뿐
daily,〜でも,〜でも,~라도
daily,〜くらい,〜くらい,~정도
daily,〜ごろ,頃,~쯤 (시각)
daily,〜について,〜について,~에 대해
daily,〜のために,〜のために,~를 위해
daily,〜によって,〜によって,~에 따라
daily,〜と比べて,とくらべて,~와 비교해서
daily,私,わたし,나
daily,僕,ぼく,나 (남성)
daily,あなた,あなた,당신
daily,誰,だれ,누구
daily,何,なに,무엇
daily,いつ,いつ,언제
daily,どうして,どうして,왜
daily,なぜ,なぜ,왜 (격식)
daily,どう,どう,어떻게
daily,どれ,どれ,어느 것
daily,どの,どの,어느
daily,どんな,どんな,어떤
daily,どのくらい,どのくらい,어느 정도
daily,いくつ,いくつ,몇 개 / 몇 살
daily,何人,なんにん,몇 명
daily,何時,なんじ,몇 시
daily,今日,きょう,오늘
daily,明日,あした,내일
daily,昨日,きのう,어제
daily,今朝,けさ,오늘 아침
daily,今晩,こんばん,오늘 밤
daily,毎日,まいにち,매일
daily,毎週,まいしゅう,매주
daily,毎月,まいつき,매달
daily,今週,こんしゅう,이번 주
daily,来週,らいしゅう,다음 주
daily,先週,せんしゅう,지난주
daily,今月,こんげつ,이번 달
daily,来月,らいげつ,다음 달
daily,先月,せんげつ,지난달
daily,今年,ことし,올해
daily,来年,らいねん,내년
daily,去年,きょねん,작년
daily,月曜日,げつようび,월요일
daily,火曜日,かようび,화요일
daily,水曜日,すいようび,수요일
daily,木曜日,もくようび,목요일
daily,金曜日,きんようび,금요일
daily,土曜日,どようび,토요일
daily,日曜日,にちようび,일요일
daily,週末,しゅうまつ,주말
daily,休み,やすみ,휴일 / 쉼
daily,朝,あさ,아침
daily,昼,ひる,낮
daily,夜,よる,밤
daily,夕方,ゆうがた,저녁 무렵
daily,午前,ごぜん,오전
daily,午後,ごご,오후
daily,今,いま,지금
daily,これから,これから,이제부터
daily,この間,このあいだ,저번에 / 요전
daily,最近,さいきん,최근
daily,将来,しょうらい,장래
daily,昔,むかし,옛날
daily,道,みち,길
daily,道路,どうろ,도로
daily,大通り,おおどおり,큰길
daily,通り,とおり,거리
daily,細い道,ほそいみち,좁은 길
daily,近道,ちかみち,지름길
daily,回り道,まわりみち,돌아가는 길
daily,歩道,ほどう,보도
daily,歩道橋,ほどうきょう,육교
daily,曲がり角,まがりかど,모퉁이 / 길목
daily,橋,はし,다리
daily,坂,さか,언덕
daily,階段,かいだん,계단
daily,エスカレーター,エスカレーター,에스컬레이터
daily,エレベーター,エレベーター,엘리베이터
daily,地下道,ちかどう,지하도
daily,トンネル,トンネル,터널
daily,踏切,ふみきり,건널목
daily,右,みぎ,오른쪽
daily,左,ひだり,왼쪽
daily,前,まえ,앞
daily,後ろ,うしろ,뒤
daily,上,うえ,위
daily,下,した,아래
daily,中,なか,안
daily,外,そと,밖
daily,横,よこ,옆 (가로)
daily,隣,となり,옆 / 이웃
daily,近く,ちかく,근처
daily,辺り,あたり,근방
daily,向かい,むかい,맞은편
daily,向こう,むこう,건너편 / 저쪽
daily,間,あいだ,사이
daily,真ん中,まんなか,한가운데
daily,端,はし,가장자리
daily,東,ひがし,동쪽
daily,西,にし,서쪽
daily,南,みなみ,남쪽
daily,北,きた,북쪽
daily,方向,ほうこう,방향
daily,ここ,ここ,여기
daily,そこ,そこ,거기
daily,あそこ,あそこ,저기
daily,どこ,どこ,어디
daily,こちら,こちら,이쪽
daily,そちら,そちら,그쪽
daily,あちら,あちら,저쪽
daily,どちら,どちら,어느 쪽
daily,右に曲がる,みぎにまがる,우회전하다
daily,左に曲がる,ひだりにまがる,좌회전하다
daily,渡る,わたる,건너다
daily,通る,とおる,지나가다
daily,進む,すすむ,나아가다
daily,戻る,もどる,돌아가다 / 되돌아가다
daily,歩く,あるく,걷다
daily,走る,はしる,달리다
daily,着く,つく,도착하다
daily,到着,とうちゃく,도착
daily,出発,しゅっぱつ,출발
daily,出る,でる,나가다 / 나오다
daily,入る,はいる,들어가다
daily,入口,いりぐち,입구
daily,出口,でぐち,출구
daily,非常口,ひじょうぐち,비상구
daily,乗る,のる,타다
daily,降りる,おりる,내리다
daily,乗り換える,のりかえる,갈아타다
daily,乗り換え,のりかえ,환승
daily,迷子,まいご,미아
daily,探す,さがす,찾다
daily,案内所,あんないじょ,안내소
daily,地図,ちず,지도
daily,住所,じゅうしょ,주소
daily,番地,ばんち,번지
daily,目印,めじるし,표지 / 눈에 띄는 것
daily,看板,かんばん,간판
daily,駅,えき,역
daily,駅前,えきまえ,역 앞
daily,改札,かいさつ,개찰구
daily,改札口,かいさつぐち,개찰구
daily,ホーム,ホーム,플랫폼
daily,切符,きっぷ,표 / 승차권
daily,切符売り場,きっぷうりば,매표소
daily,定期券,ていきけん,정기권
daily,回数券,かいすうけん,회수권
daily,片道,かたみち,편도
daily,往復,おうふく,왕복
daily,特急,とっきゅう,특급
daily,急行,きゅうこう,급행
daily,快速,かいそく,쾌속
daily,終電,しゅうでん,막차
daily,始発,しはつ,첫차
daily,次,つぎ,다음
daily,次の駅,つぎのえき,다음 역
daily,前の駅,まえのえき,이전 역
daily,〜番線,ばんせん,~번 승강장
daily,〜行き,ゆき,~행
daily,乗り場,のりば,승차장
daily,バス,バス,버스
daily,バス停,バスてい,버스 정류장
daily,電車,でんしゃ,전철
daily,地下鉄,ちかてつ,지하철
daily,新幹線,しんかんせん,신칸센
daily,タクシー,タクシー,택시
daily,自転車,じてんしゃ,자전거
daily,バイク,バイク,오토바이
daily,車,くるま,차
daily,飛行機,ひこうき,비행기
daily,船,ふね,배
daily,空港,くうこう,공항
daily,港,みなと,항구
daily,運転,うんてん,운전
daily,運転手,うんてんしゅ,운전기사
daily,運転する,うんてんする,운전하다
daily,免許,めんきょ,면허
daily,駐車場,ちゅうしゃじょう,주차장
daily,駐車,ちゅうしゃ,주차
daily,交通,こうつう,교통
daily,渋滞,じゅうたい,정체
daily,事故,じこ,사고
daily,工事,こうじ,공사
daily,通行止め,つうこうどめ,통행금지
daily,一方通行,いっぽうつうこう,일방통행
daily,禁止,きんし,금지
daily,立入禁止,たちいりきんし,출입 금지
daily,禁煙,きんえん,금연
daily,喫煙,きつえん,흡연
daily,停車,ていしゃ,정차
daily,乗客,じょうきゃく,승객
daily,席,せき,자리
daily,座席,ざせき,좌석
daily,指定席,していせき,지정석
daily,自由席,じゆうせき,자유석
daily,優先席,ゆうせんせき,우선석
daily,空く,あく,비다
daily,込む,こむ,붐비다
daily,混む,こむ,붐비다 (혼잡)
daily,空いている,あいている,비어 있다
daily,満員,まんいん,만원
daily,遅れる,おくれる,늦다
daily,遅刻,ちこく,지각
daily,乗り遅れる,のりおくれる,놓치다 (탈것)
daily,時間がかかる,じかんがかかる,시간이 걸리다
daily,距離,きょり,거리
daily,遠い,とおい,멀다
daily,近い,ちかい,가깝다
daily,速い,はやい,빠르다 (속도)
daily,早い,はやい,이르다
daily,遅い,おそい,느리다 / 늦다
daily,徒歩,とほ,도보
daily,歩いて,あるいて,걸어서
daily,〜分,ふん,~분
daily,〜メートル,〜メートル,~미터
daily,〜キロ,〜キロ,~킬로
daily,〜階,かい,~층
daily,〜丁目,ちょうめ,~가 (주소)
daily,〜番地,ばんち,~번지
daily,〜号,ごう,~호
daily,建物,たてもの,건물
daily,ビル,ビル,빌딩
daily,家,いえ,집
daily,アパート,アパート,아파트 (소형 임대)
daily,マンション,マンション,맨션 (아파트)
daily,公園,こうえん,공원
daily,学校,がっこう,학교
daily,大学,だいがく,대학
daily,図書館,としょかん,도서관
daily,病院,びょういん,병원
daily,銀行,ぎんこう,은행
daily,郵便局,ゆうびんきょく,우체국
daily,交番,こうばん,파출소
daily,警察,けいさつ,경찰
daily,消防署,しょうぼうしょ,소방서
daily,市役所,しやくしょ,시청
daily,区役所,くやくしょ,구청
daily,大使館,たいしかん,대사관
daily,会社,かいしゃ,회사
daily,工場,こうじょう,공장
daily,店,みせ,가게
daily,レストラン,レストラン,레스토랑
daily,喫茶店,きっさてん,찻집
daily,食堂,しょくどう,식당
daily,居酒屋,いざかや,이자카야
daily,ホテル,ホテル,호텔
daily,旅館,りょかん,여관 (료칸)
daily,温泉,おんせん,온천
daily,映画館,えいがかん,영화관
daily,美術館,びじゅつかん,미술관
daily,博物館,はくぶつかん,박물관
daily,動物園,どうぶつえん,동물원
daily,水族館,すいぞくかん,수족관
daily,遊園地,ゆうえんち,놀이공원
daily,神社,じんじゃ,신사
daily,お寺,おてら,절
daily,城,しろ,성
daily,海,うみ,바다
daily,山,やま,산
daily,川,かわ,강
daily,湖,みずうみ,호수
daily,島,しま,섬
daily,森,もり,숲
daily,田舎,いなか,시골
daily,都会,とかい,도시
daily,町,まち,마을 / 동네
daily,市,し,시
daily,県,けん,현 (행정구역)
daily,国,くに,나라
daily,世界,せかい,세계
daily,外国,がいこく,외국
daily,海外,かいがい,해외
daily,旅行,りょこう,여행
daily,観光,かんこう,관광
daily,観光客,かんこうきゃく,관광객
daily,観光地,かんこうち,관광지
daily,トイレ,トイレ,화장실
daily,お手洗い,おてあらい,화장실 (정중)
daily,駅はどこですか,駅はどこですか,역은 어디입니까?
daily,この辺,このへん,이 근처
daily,どうやって行きますか,どうやっていきますか,어떻게 갑니까?
daily,道を教えてください,みちをおしえてください,길을 알려 주세요
daily,道に迷いました,みちにまよいました,길을 잃었습니다
daily,まっすぐ行ってください,まっすぐいってください,똑바로 가세요
daily,右に曲がってください,みぎにまがってください,오른쪽으로 도세요
daily,左に曲がってください,ひだりにまがってください,왼쪽으로 도세요
daily,次の角を曲がる,つぎのかどをまがる,다음 모퉁이를 돌다
daily,橋を渡る,はしをわたる,다리를 건너다
daily,信号を渡る,しんごうをわたる,신호등을 건너다
daily,ここで降ります,ここで降ります,여기서 내리겠습니다
daily,どこで乗り換えますか,どこでのりかえますか,어디서 갈아탑니까?
daily,何番線ですか,なんばんせんですか,몇 번 승강장입니까?
daily,この電車は〜に行きますか,このでんしゃは〜にいきますか,이 전철은 ~에 갑니까?
daily,遠いですか,とおいですか,멉니까?
daily,歩いて行けますか,あるいていけますか,걸어서 갈 수 있습니까?
daily,どのくらいかかりますか,どのくらいかかりますか,얼마나 걸립니까?
daily,地図を書いてください,ちずをかいてください,지도를 그려 주세요
daily,ここはどこですか,ここはどこですか,여기는 어디입니까?
daily,近くに〜はありますか,ちかくに〜はありますか,근처에 ~이 있습니까?
daily,買い物,かいもの,쇼핑
daily,買う,かう,사다
daily,売る,うる,팔다
daily,売り場,うりば,매장
daily,お店,おみせ,가게 (정중)
daily,店員,てんいん,점원
daily,客,きゃく,손님
daily,お客さん,おきゃくさん,손님 (호칭)
daily,デパート,デパート,백화점
daily,スーパー,スーパー,슈퍼마켓
daily,コンビニ,コンビニ,편의점
daily,市場,いちば,시장
daily,商店街,しょうてんがい,상점가
daily,薬局,やっきょく,약국
daily,本屋,ほんや,서점
daily,花屋,はなや,꽃집
daily,パン屋,パンや,빵집
daily,八百屋,やおや,채소 가게
daily,肉屋,にくや,정육점
daily,魚屋,さかなや,생선 가게
daily,靴屋,くつや,신발 가게
daily,洋服屋,ようふくや,옷 가게
daily,電気屋,でんきや,전자제품 가게
daily,文房具屋,ぶんぼうぐや,문구점
daily,雑貨,ざっか,잡화
daily,土産,みやげ,기념품
daily,お土産,おみやげ,기념품 / 선물
daily,プレゼント,プレゼント,선물
daily,贈り物,おくりもの,선물
daily,包む,つつむ,싸다 / 포장하다
daily,包装,ほうそう,포장
daily,レジ袋,レジぶくろ,비닐봉지
daily,箱,はこ,상자
daily,値段,ねだん,가격
daily,価格,かかく,가격
daily,代金,だいきん,대금
daily,料金,りょうきん,요금
daily,税金,ぜいきん,세금
daily,消費税,しょうひぜい,소비세
daily,税込み,ぜいこみ,세금 포함
daily,税抜き,ぜいぬき,세금 별도
daily,合計,ごうけい,합계
daily,全部で,ぜんぶで,전부 해서
daily,いくら,いくら,얼마
daily,高い,たかい,비싸다 / 높다
daily,安い,やすい,싸다
daily,お得,おとく,이득
daily,値引き,ねびき,가격 인하
daily,セール,セール,세일
daily,特売,とくばい,특가 판매
daily,半額,はんがく,반값
daily,無料,むりょう,무료
daily,ただ,ただ,공짜
daily,お金,おかね,돈
daily,現金,げんきん,현금
daily,カード,カード,카드
daily,クレジットカード,クレジットカード,신용카드
daily,電子マネー,でんしマネー,전자화폐
daily,財布,さいふ,지갑
daily,小銭,こぜに,잔돈 (동전)
daily,千円札,せんえんさつ,천 엔 지폐
daily,一万円札,いちまんえんさつ,만 엔 지폐
daily,硬貨,こうか,동전
daily,払う,はらう,지불하다
daily,支払い,しはらい,지불
daily,払い戻し,はらいもどし,환불
daily,レシート,レシート,영수증
daily,保証書,ほしょうしょ,보증서
daily,お勘定,おかんじょう,계산
daily,レジ,レジ,계산대
daily,現金で,げんきんで,현금으로
daily,カードで,カードで,카드로
daily,別々に,べつべつに,따로따로
daily,一緒に,いっしょに,함께
daily,見る,みる,보다
daily,見せる,みせる,보여 주다
daily,試す,ためす,시도하다 / 시험해 보다
daily,試着室,しちゃくしつ,탈의실
daily,サイズ,サイズ,사이즈
daily,大きい,おおきい,크다
daily,小さい,ちいさい,작다
daily,長い,ながい,길다
daily,短い,みじかい,짧다
daily,太い,ふとい,굵다 / 뚱뚱하다
daily,細い,ほそい,가늘다
daily,厚い,あつい,두껍다
daily,薄い,うすい,얇다 / 연하다
daily,重い,おもい,무겁다
daily,軽い,かるい,가볍다
daily,広い,ひろい,넓다
daily,狭い,せまい,좁다
daily,きつい,きつい,꽉 끼다 / 힘들다
daily,ゆるい,緩い,헐렁하다
daily,ぴったり,ぴったり,딱 맞음
daily,似合う,にあう,어울리다
daily,合う,あう,맞다
daily,着る,きる,입다
daily,脱ぐ,ぬぐ,벗다
daily,履く,はく,신다 / 입다 (바지 등)
daily,かぶる,被る,쓰다 (모자)
daily,かける,掛ける,걸다 / (안경을) 쓰다
daily,つける,付ける,착용하다 / 붙이다
daily,はめる,はめる,끼다 (장갑 등)
daily,締める,しめる,매다 / 죄다
daily,洋服,ようふく,양복 / 옷
daily,服,ふく,옷
daily,着物,きもの,기모노
daily,シャツ,シャツ,셔츠
daily,Tシャツ,ティーシャツ,티셔츠
daily,ワイシャツ,ワイシャツ,와이셔츠
daily,セーター,セーター,스웨터
daily,ジャケット,ジャケット,재킷
daily,コート,コート,코트
daily,スーツ,スーツ,정장
daily,ズボン,ズボン,바지
daily,ジーンズ,ジーンズ,청바지
daily,スカート,スカート,치마
daily,ワンピース,ワンピース,원피스
daily,下着,したぎ,속옷
daily,靴下,くつした,양말
daily,靴,くつ,신발
daily,スニーカー,スニーカー,운동화
daily,サンダル,サンダル,샌들
daily,ブーツ,ブーツ,부츠
daily,帽子,ぼうし,모자
daily,手袋,てぶくろ,장갑
daily,マフラー,マフラー,목도리
daily,ネクタイ,ネクタイ,넥타이
daily,ベルト,ベルト,벨트
daily,眼鏡,めがね,안경
daily,時計,とけい,시계
daily,指輪,ゆびわ,반지
daily,ネックレス,ネックレス,목걸이
daily,イヤリング,イヤリング,귀걸이
daily,かばん,鞄,가방
daily,リュック,リュック,배낭
daily,傘,かさ,우산
daily,ハンカチ,ハンカチ,손수건
daily,タオル,タオル,수건
daily,化粧品,けしょうひん,화장품
daily,香水,こうすい,향수
daily,石けん,せっけん,비누
daily,歯ブラシ,はブラシ,칫솔
daily,シャンプー,シャンプー,샴푸
daily,薬,くすり,약
daily,目薬,めぐすり,안약
daily,マスク,マスク,마스크
daily,色,いろ,색
daily,赤,あか,빨강
daily,青,あお,파랑
daily,黄色,きいろ,노랑
daily,緑,みどり,초록
daily,白,しろ,하양
daily,黒,くろ,검정
daily,茶色,ちゃいろ,갈색
daily,灰色,はいいろ,회색
daily,ピンク,ピンク,분홍
daily,紫,むらさき,보라
daily,オレンジ,オレンジ,주황
daily,金,きん,금 / 금색
daily,銀,ぎん,은 / 은색
daily,柄,がら,무늬
daily,水玉,みずたま,물방울무늬
daily,縞,しま,줄무늬
daily,無地,むじ,무늬 없음
daily,材料,ざいりょう,재료
daily,素材,そざい,소재
daily,綿,めん,면
daily,絹,きぬ,비단
daily,革,かわ,가죽
daily,木,き,나무
daily,紙,かみ,종이
daily,ガラス,ガラス,유리
daily,金属,きんぞく,금속
daily,プラスチック,プラスチック,플라스틱
daily,新品,しんぴん,신품
daily,中古,ちゅうこ,중고
daily,流行,りゅうこう,유행
daily,人気,にんき,인기
daily,有名,ゆうめい,유명함
daily,商品,しょうひん,상품
daily,品物,しなもの,물건
daily,品切れ,しなぎれ,품절
daily,在庫,ざいこ,재고
daily,入荷,にゅうか,입하
daily,注文,ちゅうもん,주문
daily,配達,はいたつ,배달
daily,送料,そうりょう,배송비
daily,宅配,たくはい,택배
daily,通販,つうはん,통신 판매
daily,店内,てんない,점내
daily,営業,えいぎょう,영업
daily,営業時間,えいぎょうじかん,영업 시간
daily,開店,かいてん,개점
daily,閉店,へいてん,폐점
daily,定休日,ていきゅうび,정기 휴일
daily,休業,きゅうぎょう,휴업
daily,開く,あく,열리다
daily,閉まる,しまる,닫히다
daily,お客様,おきゃくさま,고객님
daily,いらっしゃいませ,いらっしゃいませ,어서 오세요
daily,ありがとうございました,ありがとうございました,감사했습니다
daily,これをください,これをください,이것을 주세요
daily,これはいくらですか,これはいくらですか,이건 얼마입니까?
daily,見ているだけです,みているだけです,구경만 하고 있습니다
daily,ちょっと見ます,ちょっとみます,좀 볼게요
daily,もう少し安くなりませんか,もうすこしやすくなりませんか,조금 더 싸게 안 될까요?
daily,袋はいりません,ふくろはいりません,봉투는 필요 없습니다
daily,袋をください,ふくろをください,봉투 주세요
daily,別の色はありますか,べつのいろはありますか,다른 색은 있습니까?
daily,もう少し大きいのはありますか,もうすこしおおきいのはありますか,조금 더 큰 것은 있습니까?
daily,試着してもいいですか,しちゃくしてもいいですか,입어 봐도 됩니까?
daily,これにします,これにします,이걸로 하겠습니다
daily,考えておきます,かんがえておきます,생각해 보겠습니다
daily,カードは使えますか,カードはつかえますか,카드 사용 가능합니까?
daily,免税,めんぜい,면세
daily,免税店,めんぜいてん,면세점
daily,ポイント,ポイント,포인트
daily,ポイントカード,ポイントカード,포인트 카드
daily,割り勘,わりかん,각자 부담 (더치페이)
daily,おごる,おごる,한턱내다
daily,奢り,おごり,한턱
business,メール,メール,이메일
business,電子メール,でんしメール,전자 메일
business,メールアドレス,メールアドレス,이메일 주소
business,アドレス,アドレス,주소
business,宛先,あてさき,수신처 / 받는 사람
business,宛名,あてな,수신인 이름
business,差出人,さしだしにん,발신인
business,送信,そうしん,송신
business,送信者,そうしんしゃ,발신자
business,受信,じゅしん,수신
business,受信者,じゅしんしゃ,수신자
business,返信不要,へんしんふよう,회신 불필요
business,再送,さいそう,재송신
business,送付先,そうふさき,송부처
business,発送,はっそう,발송
business,郵送,ゆうそう,우송
business,同封,どうふう,동봉
business,添付ファイル,てんぷファイル,첨부 파일
business,添付資料,てんぷしりょう,첨부 자료
business,添付の通り,てんぷのとおり,첨부된 대로
business,ファイル,ファイル,파일
business,圧縮,あっしゅく,압축
business,解凍,かいとう,압축 해제
business,容量,ようりょう,용량
business,ダウンロード,ダウンロード,다운로드
business,アップロード,アップロード,업로드
business,共有フォルダ,きょうゆうフォルダ,공유 폴더
business,クラウド,クラウド,클라우드
business,パスワード,パスワード,비밀번호
business,暗号化,あんごうか,암호화
business,セキュリティ,セキュリティ,보안
business,ウイルス,ウイルス,바이러스
business,迷惑メール,めいわくメール,스팸 메일
business,誤送信,ごそうしん,오발송
business,削除する,さくじょする,삭제하다
business,破棄,はき,파기
business,本文,ほんぶん,본문
business,署名,しょめい,서명
business,引用,いんよう,인용
business,冒頭,ぼうとう,서두
business,末尾,まつび,말미
business,文末,ぶんまつ,문말
business,文頭,ぶんとう,문두
business,文面,ぶんめん,문면
business,文章,ぶんしょう,문장
business,文例,ぶんれい,문례
business,定型文,ていけいぶん,정형문
business,テンプレート,テンプレート,템플릿
business,書式,しょしき,서식
business,形式,けいしき,형식
business,フォーマット,フォーマット,포맷
business,箇条書き,かじょうがき,항목별 서술
business,改行,かいぎょう,줄바꿈
business,段落,だんらく,단락
business,行間,ぎょうかん,행간
business,文字化け,もじばけ,글자 깨짐
business,誤字,ごじ,오자
business,脱字,だつじ,탈자
business,誤字脱字,ごじだつじ,오탈자
business,変換ミス,へんかんミス,변환 실수
business,入力ミス,にゅうりょくミス,입력 실수
business,校正,こうせい,교정
business,推敲,すいこう,퇴고
business,見直し,みなおし,재검토
business,下書き,したがき,초안
business,草稿,そうこう,초고
business,清書,せいしょ,정서
business,書き直す,かきなおす,다시 쓰다
business,書き出し,かきだし,서두
business,書き添える,かきそえる,덧붙여 쓰다
business,記載,きさい,기재
business,記入,きにゅう,기입
business,記述,きじゅつ,기술
business,明記,めいき,명기
business,記録,きろく,기록
business,記載事項,きさいじこう,기재 사항
business,下記,かき,하기 (아래)
business,上記,じょうき,상기 (위)
business,前述,ぜんじゅつ,전술
business,後述,こうじゅつ,후술
business,以下,いか,이하
business,以上,いじょう,이상
business,別紙,べっし,별지
business,別添,べってん,별첨
business,別記,べっき,별기
business,別件,べっけん,별건
business,詳細は別紙,しょうさいはべっし,상세는 별지
business,次の通り,つぎのとおり,다음과 같이
business,下記の通り,かきのとおり,아래와 같이
business,記,き,기 (아래와 같이)
business,敬具,けいぐ,경구 (맺음말)
business,拝啓,はいけい,배계 (시작 인사)
business,前略,ぜんりゃく,전략
business,草々,そうそう,총총
business,謹啓,きんけい,근계
business,謹白,きんぱく,근백
business,頭語,とうご,두어
business,結語,けつご,결어
business,時候の挨拶,じこうのあいさつ,계절 인사
business,時下,じか,요즈음
business,貴殿,きでん,귀하
business,貴職,きしょく,귀직
business,貴台,きだい,귀하
business,各位,かくい,각위 (여러분)
business,関係各位,かんけいかくい,관계자 여러분
business,ご担当者様,ごたんとうしゃさま,담당자님
business,ご担当者,ごたんとうしゃ,담당자
business,〜様,さま,~님
business,〜御中,おんちゅう,~귀중 (기관에)
business,〜殿,どの,~귀하
business,〜宛,あて,~앞
business,各部署,かくぶしょ,각 부서
business,各位殿,かくいどの,여러분께
business,お世話になります,おせわになります,신세를 집니다
business,お世話になりました,おせわになりました,신세졌습니다
business,いつもお世話に,いつもおせわに,항상 신세를
business,平素,へいそ,평소
business,平素より,へいそより,평소부터
business,格別,かくべつ,각별
business,格別のご配慮,かくべつのごはいりょ,각별한 배려
business,ご愛顧,ごあいこ,애고 (성원)
business,ご高配,ごこうはい,고배 (배려)
business,ご厚情,ごこうじょう,후의
business,ご芳名,ごほうめい,방명
business,ご賛同,ごさんどう,찬동
business,ご尽力,ごじんりょく,진력
business,ご活躍,ごかつやく,활약
business,ご健勝,ごけんしょう,건승
business,ご清栄,ごせいえい,청영 (번영)
business,ご繁栄,ごはんえい,번영
business,ますますご発展,ますますごはってん,더욱 발전
business,お慶び,およろこび,경하
business,お祈り,おいのり,기원
business,心より,こころより,진심으로
business,謹んで,つつしんで,삼가
business,お喜び,およろこび,기쁨
business,お祝い,おいわい,축하
business,祝辞,しゅくじ,축사
business,慶賀,けいが,경하
business,弔意,ちょうい,조의
business,お悔やみ,おくやみ,조의
business,お見舞い,おみまい,병문안
business,お見舞い申し上げます,おみまいもうしあげます,위로의 말씀 드립니다
business,お祝い申し上げます,おいわいもうしあげます,축하 드립니다
business,〜と存じます,とぞんじます,~라고 생각합니다
business,ご案内申し上げます,ごあんないもうしあげます,안내 드립니다
business,お知らせいたします,おしらせいたします,알려 드립니다
business,ご連絡いたします,ごれんらくいたします,연락 드리겠습니다
business,ご報告いたします,ごほうこくいたします,보고 드리겠습니다
business,ご連絡させていただきました,ごれんらくさせていただきました,연락드렸습니다
business,ご連絡差し上げました,ごれんらくさしあげました,연락드렸습니다
business,ご送付いたします,ごそうふいたします,송부해 드리겠습니다
business,送付いたします,そうふいたします,송부하겠습니다
business,添付いたします,てんぷいたします,첨부하겠습니다
business,お送りします,おおくりします,보내 드립니다
business,お送りいたします,おおくりいたします,보내 드리겠습니다
business,お送りください,おおくりください,보내 주십시오
business,ご返信ください,ごへんしんください,회신해 주십시오
business,ご返信をお待ちしております,ごへんしんをおまちしております,회신을 기다리고 있겠습니다
business,ご返信いただけますと幸いです,ごへんしんいただけますとさいわいです,회신해 주시면 감사하겠습니다
business,ご査収ください,ごさしゅうください,확인하여 수령해 주십시오
business,ご査収,ごさしゅう,검수 수령
business,査収,さしゅう,검수 수령
business,ご確認の上,ごかくにんのうえ,확인하신 후
business,ご確認のほど,ごかくにんのほど,확인해 주시기를
business,ご確認のほどよろしくお願いいたします,ごかくにんのほどよろしくおねがいいたします,확인 잘 부탁드립니다
business,ご笑納,ごしょうのう,웃으며 받아 주십시오
business,ご多幸,ごたこう,다행 (행복)
business,ご自愛ください,ごじあいください,건강 유의하십시오
business,ご健康,ごけんこう,건강
business,お身体,おからだ,몸
business,お体,おからだ,몸 (정중)
business,ご無理,ごむり,무리
business,ご無理のない,ごむりのない,무리 없는
business,ご無理なさらず,ごむりなさらず,무리하지 마시고
business,ご放念ください,ごほうねんください,염려하지 마십시오
business,ご安心ください,ごあんしんください,안심하십시오
business,ご心配,ごしんぱい,걱정
business,ご迷惑,ごめいわく,폐
business,ご迷惑をおかけします,ごめいわくをおかけします,폐를 끼칩니다
business,ご不便,ごふべん,불편
business,ご不明,ごふめい,불명
business,ご不明点,ごふめいてん,불분명한 점
business,ご不明な点,ごふめいなてん,불분명한 점
business,ご不満,ごふまん,불만
business,ご不安,ごふあん,불안
business,ご不快,ごふかい,불쾌
business,ご不在,ごふざい,부재
business,ご欠席,ごけっせき,결석
business,ご遠慮,ごえんりょ,사양
business,ご遠慮なく,ごえんりょなく,사양 마시고
business,ご自由に,ごじゆうに,자유롭게
business,ご随意に,ごずいいに,뜻대로
business,お気軽に,おきがるに,부담 없이
business,お気づき,おきづき,알아차림
business,お気づきの点,おきづきのてん,눈치채신 점
business,お申し付けください,おもうしつけください,분부해 주십시오
business,お申し付け,おもうしつけ,분부
business,お申し込み,おもうしこみ,신청
business,お申し出,おもうしで,제의
business,お申し越し,おもうしこし,말씀해 오심
business,お問合せ,おといあわせ,문의
business,お問い合わせください,おといあわせください,문의해 주십시오
business,お待ちください,おまちください,기다려 주십시오
business,お待ちいただく,おまちいただく,기다려 주시다
business,お待たせ,おまたせ,기다리게 함
business,お願い致します,おねがいいたします,부탁드립니다
business,お願いできますでしょうか,おねがいできますでしょうか,부탁드릴 수 있을까요?
business,お許しください,おゆるしください,용서해 주십시오
business,お許し,おゆるし,허락
business,お詫び申し上げます,おわびもうしあげます,사과드립니다
business,深くお詫び,ふかくおわび,깊이 사과
business,深謝,しんしゃ,깊이 감사
business,深く,ふかく,깊이
business,謹んでお詫び,つつしんでおわび,삼가 사과
business,心よりお詫び,こころよりおわび,진심으로 사과
business,お礼申し上げます,おれいもうしあげます,감사드립니다
business,厚く御礼,あつくおんれい,두터운 감사
business,厚くお礼,あつくおれい,깊이 감사
business,重ねてお礼,かさねておれい,거듭 감사
business,改めてお礼,あらためておれい,다시 감사
business,連絡先,れんらくさき,연락처
business,連絡事項,れんらくじこう,연락 사항
business,連絡網,れんらくもう,연락망
business,連絡不足,れんらくぶそく,연락 부족
business,連絡漏れ,れんらくもれ,연락 누락
business,通知,つうち,통지
business,通達,つうたつ,통달
business,伝達,でんたつ,전달
business,伝言,でんごん,전언
business,告げる,つげる,고하다
business,回覧,かいらん,회람
business,掲示,けいじ,게시
business,掲載,けいさい,게재
business,公開,こうかい,공개
business,非公開,ひこうかい,비공개
business,公表,こうひょう,공표
business,発信,はっしん,발신
business,受理,じゅり,수리 (접수)
business,受け取る,うけとる,받다
business,受け付ける,うけつける,접수하다
business,届く,とどく,도착하다
business,届ける,とどける,전달하다
business,届出,とどけで,신고
business,着信,ちゃくしん,착신
business,不着,ふちゃく,불착
business,未着,みちゃく,미도착
business,未達,みたつ,미도달
business,到着確認,とうちゃくかくにん,도착 확인
business,確認済み,かくにんずみ,확인 완료
business,確認中,かくにんちゅう,확인 중
business,確認事項,かくにんじこう,확인 사항
business,確認願います,かくにんねがいます,확인 바랍니다
business,確認いたします,かくにんいたします,확인하겠습니다
business,確認が取れる,かくにんがとれる,확인이 되다
business,確認が取れ次第,かくにんがとれしだい,확인되는 대로
business,〜次第ご連絡,しだいごれんらく,~하는 대로 연락
business,状況,じょうきょう,상황
business,状態,じょうたい,상태
business,進捗状況,しんちょくじょうきょう,진척 상황
business,経過,けいか,경과
business,経過報告,けいかほうこく,경과 보고
business,途中経過,とちゅうけいか,중간 경과
business,中間報告,ちゅうかんほうこく,중간 보고
business,最終報告,さいしゅうほうこく,최종 보고
business,報告書,ほうこくしょ,보고서
business,連絡票,れんらくひょう,연락표
business,月次報告,げつじほうこく,월간 보고
business,週報,しゅうほう,주보
business,日報,にっぽう,일보
business,月報,げっぽう,월보
business,議事メモ,ぎじメモ,회의 메모
business,メモ,メモ,메모
business,備考,びこう,비고
business,注記,ちゅうき,주기
business,注意,ちゅうい,주의
business,注意事項,ちゅういじこう,주의 사항
business,留意事項,りゅういじこう,유의 사항
business,重要事項,じゅうようじこう,중요 사항
business,要確認,ようかくにん,확인 필요
business,要返信,ようへんしん,회신 필요
business,至急,しきゅう,지급
business,緊急,きんきゅう,긴급
business,緊急連絡,きんきゅうれんらく,긴급 연락
business,急ぎ,いそぎ,급함
business,急用,きゅうよう,급한 용무
business,用件,ようけん,용건
business,用件のみ,ようけんのみ,용건만
business,要件,ようけん,요건
business,概要のみ,がいようのみ,개요만
business,本件,ほんけん,본건
business,当件,とうけん,당건
business,該当,がいとう,해당
business,該当者,がいとうしゃ,해당자
business,該当なし,がいとうなし,해당 없음
business,関連,かんれん,관련
business,関連資料,かんれんしりょう,관련 자료
business,関係,かんけい,관계
business,関係者,かんけいしゃ,관계자
business,関係部署,かんけいぶしょ,관계 부서
business,各担当,かくたんとう,각 담당
business,各自,かくじ,각자
business,各種,かくしゅ,각종
business,各部,かくぶ,각부
business,催促,さいそく,독촉
business,督促,とくそく,독촉
business,督促状,とくそくじょう,독촉장
business,再度確認,さいどかくにん,재확인
business,再三,さいさん,재삼
business,再提出,さいていしゅつ,재제출
business,再依頼,さいいらい,재의뢰
business,再発行,さいはっこう,재발행
business,再発防止,さいはつぼうし,재발 방지
business,念のためご連絡,ねんのためごれんらく,만약을 위해 연락
business,リマインド,リマインド,리마인드
business,リマインダー,リマインダー,리마인더
business,お知らせまで,おしらせまで,알림까지
business,ご参考,ごさんこう,참고
business,参考,さんこう,참고
business,参考資料,さんこうしりょう,참고 자료
business,参照,さんしょう,참조
business,参照ください,さんしょうください,참조해 주십시오
business,ご参照,ごさんしょう,참조
business,ご一読,ごいちどく,일독
business,一読,いちどく,일독
business,ご一報,ごいっぽう,일보 (간단한 연락)
business,一報,いっぽう,일보
business,お目通し願います,おめどおしねがいます,훑어봐 주십시오
business,ご査収願います,ごさしゅうねがいます,수령 확인 바랍니다
business,ご高覧,ごこうらん,고람 (보심)
business,ご笑覧,ごしょうらん,웃으며 보심
business,ご査閲,ごさえつ,검열
business,ご承認,ごしょうにん,승인
business,ご承諾,ごしょうだく,승낙
business,ご了解,ごりょうかい,양해
business,ご同意,ごどうい,동의
business,ご賛成,ごさんせい,찬성
business,ご決定,ごけってい,결정
business,ご判断,ごはんだん,판단
business,ご選択,ごせんたく,선택
business,ご採用,ごさいよう,채용
business,ご契約,ごけいやく,계약
business,ご注文,ごちゅうもん,주문
business,ご予約,ごよやく,예약
business,ご請求,ごせいきゅう,청구
business,ご入金,ごにゅうきん,입금
business,ご送金,ごそうきん,송금
business,ご返金,ごへんきん,환불
business,ご返却,ごへんきゃく,반환
business,返却,へんきゃく,반환
business,返送,へんそう,반송
business,返還,へんかん,반환
business,返答期限,へんとうきげん,답변 기한
business,返答,へんとう,대답
business,返礼,へんれい,답례
business,折り返しの返信,おりかえしのへんしん,바로 회신
business,即答,そくとう,즉답
business,即時,そくじ,즉시
business,即日,そくじつ,당일
business,当日,とうじつ,당일
business,翌営業日,よくえいぎょうび,다음 영업일
business,営業日,えいぎょうび,영업일
business,休業日,きゅうぎょうび,휴업일
business,土日祝,どにちしゅく,토일 공휴일
business,祝日,しゅくじつ,공휴일
business,年末年始,ねんまつねんし,연말연시
business,連休,れんきゅう,연휴
business,長期休暇,ちょうききゅうか,장기 휴가
business,夏季休暇,かききゅうか,하계 휴가
business,休暇,きゅうか,휴가
business,有給,ゆうきゅう,유급
business,有給休暇,ゆうきゅうきゅうか,유급 휴가
business,不在,ふざい,부재
business,不在中,ふざいちゅう,부재 중
business,外出,がいしゅつ,외출
business,外出中,がいしゅつちゅう,외출 중
business,離席,りせき,자리를 비움
business,席を外す,せきをはずす,자리를 비우다
business,在席,ざいせき,재석
business,在宅,ざいたく,재택
business,在宅勤務,ざいたくきんむ,재택근무
business,リモート,リモート,리모트
business,オンライン,オンライン,온라인
business,オフライン,オフライン,오프라인
business,対面,たいめん,대면
business,対面で,たいめんで,대면으로
business,直接,ちょくせつ,직접
business,直接お伺い,ちょくせつおうかがい,직접 찾아뵙고
business,口頭,こうとう,구두
business,書面,しょめん,서면
business,文書,ぶんしょ,문서
business,書類,しょるい,서류
business,書類一式,しょるいいっしき,서류 일체
business,一式,いっしき,일체
business,一部,いちぶ,일부
business,全文,ぜんぶん,전문
business,抜粋,ばっすい,발췌
business,抜き出す,ぬきだす,발췌하다
business,抜け,ぬけ,누락
business,漏れ,もれ,누락 / 샘
business,漏れなく,もれなく,빠짐없이
business,欠落,けつらく,결락
business,欠如,けつじょ,결여
business,不足,ふそく,부족
business,不足分,ふそくぶん,부족분
business,不明,ふめい,불명
business,不明点,ふめいてん,불명확한 점
business,未定,みてい,미정
business,未確認,みかくにん,미확인
business,未完了,みかんりょう,미완료
business,未対応,みたいおう,미대응
business,未払い,みはらい,미지불
business,未提出,みていしゅつ,미제출
business,済み,ずみ,완료됨
business,完了,かんりょう,완료
business,完成,かんせい,완성
business,完了報告,かんりょうほうこく,완료 보고
business,対応済み,たいおうずみ,대응 완료
business,処理,しょり,처리
business,処理済み,しょりずみ,처리 완료
business,処置,しょち,처치
business,措置,そち,조치
business,手続き,てつづき,절차
business,手続,てつづき,수속
business,手順,てじゅん,순서 / 절차
business,手配済み,てはいずみ,수배 완료
business,段取り,だんどり,준비 / 순서
business,準備,じゅんび,준비
business,用意,ようい,준비
business,及び,および,및
business,並びに,ならびに,및 / 아울러
business,又は,または,또는
business,若しくは,もしくは,혹은
business,且つ,かつ,그리고 동시에
business,但し,ただし,단
business,尚,なお,덧붙여
business,従来,じゅうらい,종래
business,従前,じゅうぜん,종전
business,以前,いぜん,이전
business,以後,いご,이후
business,以降,いこう,이후
business,当面,とうめん,당분간
business,当分,とうぶん,당분간
business,暫く,しばらく,잠시
business,暫定,ざんてい,잠정
business,仮,かり,임시
business,仮に,かりに,가령
business,仮予約,かりよやく,가예약
business,仮決定,かりけってい,가결정
business,本決定,ほんけってい,본결정
business,正式,せいしき,정식
business,正式決定,せいしきけってい,정식 결정
business,正式に,せいしきに,정식으로
business,最終,さいしゅう,최종
business,最終的,さいしゅうてき,최종적
business,最終確認,さいしゅうかくにん,최종 확인
business,最終版,さいしゅうばん,최종판
business,初版,しょはん,초판
business,改訂,かいてい,개정
business,改訂版,かいていばん,개정판
business,最新,さいしん,최신
business,最新版,さいしんばん,최신판
business,旧版,きゅうばん,구판
business,新旧,しんきゅう,신구
business,前年,ぜんねん,전년
business,前年比,ぜんねんひ,전년 대비
business,前月比,ぜんげつひ,전월 대비
business,前期,ぜんき,전기
business,今期,こんき,이번 기
business,来期,らいき,다음 기
business,通期,つうき,통기
business,年間,ねんかん,연간
business,月間,げっかん,월간
business,週間,しゅうかん,주간
business,日々,ひび,나날
business,毎回,まいかい,매번
business,毎年,まいとし,매년
business,毎度,まいど,매번
business,度々,たびたび,자주
business,度重なる,たびかさなる,거듭되다
business,再び,ふたたび,다시
business,改めて,あらためて,다시
business,重ねて,かさねて,거듭
business,今一度,いまいちど,다시 한번
business,何度も,なんども,여러 번
business,一斉,いっせい,일제
business,一斉送信,いっせいそうしん,일제 송신
business,一律,いちりつ,일률
business,一概に,いちがいに,일률적으로
business,一応,いちおう,일단
business,一旦,いったん,일단
business,一時,いちじ,한때 / 일시
business,一時的,いちじてき,일시적
business,一方,いっぽう,한편
business,一部分,いちぶぶん,일부분
business,一定,いってい,일정
business,一般,いっぱん,일반
business,一般的,いっぱんてき,일반적
business,一貫,いっかん,일관
business,一律に,いちりつに,일률적으로
business,一括払い,いっかつばらい,일시불
business,分割,ぶんかつ,분할
business,分割払い,ぶんかつばらい,분할 지불
business,全額,ぜんがく,전액
business,一部負担,いちぶふたん,일부 부담
business,負担,ふたん,부담
business,折半,せっぱん,절반씩 나눔
business,按分,あんぶん,안분
business,差額,さがく,차액
business,残額,ざんがく,잔액
business,残高,ざんだか,잔액
business,残り,のこり,나머지
business,残業,ざんぎょう,잔업
business,未収,みしゅう,미수
business,未収金,みしゅうきん,미수금
business,入金確認,にゅうきんかくにん,입금 확인
business,振込先,ふりこみさき,이체처
business,振込手数料,ふりこみてすうりょう,이체 수수료
business,手数料,てすうりょう,수수료
business,口座,こうざ,계좌
business,口座番号,こうざばんごう,계좌 번호
business,支店名,してんめい,지점명
business,名義,めいぎ,명의
business,名義人,めいぎにん,명의인
business,請求金額,せいきゅうきんがく,청구 금액
business,請求先,せいきゅうさき,청구처
business,請求内容,せいきゅうないよう,청구 내용
business,請求漏れ,せいきゅうもれ,청구 누락
business,請求日,せいきゅうび,청구일
business,支払期日,しはらいきじつ,지불 기일
business,支払い期限,しはらいきげん,지불 기한
business,支払条件,しはらいじょうけん,지불 조건
business,支払方法,しはらいほうほう,지불 방법
business,締め日,しめび,마감일
business,月末締め,げつまつじめ,월말 마감
business,翌月払い,よくげつばらい,익월 지불
business,領収,りょうしゅう,영수
business,領収書発行,りょうしゅうしょはっこう,영수증 발행
business,発行,はっこう,발행
business,発行日,はっこうび,발행일
business,発行元,はっこうもと,발행처
business,発注日,はっちゅうび,발주일
business,納期遅延,のうきちえん,납기 지연
business,遅延,ちえん,지연
business,遅れ,おくれ,지연
business,遅くとも,おそくとも,늦어도
business,遅滞,ちたい,지체
business,滞る,とどこおる,지체되다
business,滞納,たいのう,체납
business,延滞,えんたい,연체
business,猶予,ゆうよ,유예
business,猶予期間,ゆうよきかん,유예 기간
business,余裕,よゆう,여유
business,余裕を持つ,よゆうをもつ,여유를 갖다
business,後倒し,あとだおし,뒤로 미룸
business,繰り上げ,くりあげ,앞당김
business,繰り下げ,くりさげ,뒤로 미룸
business,先送り,さきおくり,미룸
business,持ち越し,もちこし,이월
business,持ち越す,もちこす,이월하다
business,延ばす,のばす,연장하다 / 미루다
business,延びる,のびる,연장되다
business,延長,えんちょう,연장
business,短縮,たんしゅく,단축
business,短期,たんき,단기
business,中期,ちゅうき,중기
business,長期,ちょうき,장기
business,期間,きかん,기간
business,期間中,きかんちゅう,기간 중
business,期間限定,きかんげんてい,기간 한정
business,期待に添う,きたいにそう,기대에 부응하다
business,添う,そう,부응하다 / 따르다
business,添える,そえる,곁들이다
business,応える,こたえる,부응하다
business,応じる,おうじる,응하다
business,応対,おうたい,응대
business,応答,おうとう,응답
business,受け答え,うけこたえ,응답
business,受け入れる,うけいれる,받아들이다
business,受け止める,うけとめる,받아들이다
business,引き受ける,ひきうける,맡다
business,請け負う,うけおう,도급받다
business,担う,になう,짊어지다
business,任せる,まかせる,맡기다
business,任務,にんむ,임무
business,任命,にんめい,임명
business,任期,にんき,임기
business,後任,こうにん,후임
business,前任,ぜんにん,전임
business,後任者,こうにんしゃ,후임자
business,前任者,ぜんにんしゃ,전임자
business,引継ぎ,ひきつぎ,인수인계
business,引き継ぐ,ひきつぐ,인수인계하다
business,異動,いどう,인사이동
business,転勤,てんきん,전근
business,転職,てんしょく,이직
business,退職,たいしょく,퇴직
business,退社,たいしゃ,퇴사
business,入社,にゅうしゃ,입사
business,就任,しゅうにん,취임
business,昇進,しょうしん,승진
business,昇格,しょうかく,승격
business,降格,こうかく,강등
business,辞任,じにん,사임
business,辞令,じれい,사령 (인사 발령)
business,着任,ちゃくにん,부임
business,赴任,ふにん,부임
business,後任のご紹介,こうにんのごしょうかい,후임 소개
business,ご異動,ごいどう,인사이동
business,ご栄転,ごえいてん,영전
business,ご昇進,ごしょうしん,승진
business,ご就任,ごしゅうにん,취임
business,ご退職,ごたいしょく,퇴직
business,ご結婚,ごけっこん,결혼
business,ご出産,ごしゅっさん,출산
business,ご成功,ごせいこう,성공
business,ご活躍を祈念,ごかつやくをきねん,활약을 기원
business,祈念,きねん,기념(기원)
business,祈る,いのる,기원하다
business,願う,ねがう,바라다
business,望む,のぞむ,바라다
business,所存,しょぞん,생각 / 소신
business,所存です,しょぞんです,~할 생각입니다
business,次第です,しだいです,~하는 바입니다
business,〜の次第,のしだい,~의 사정
business,〜由,よし,~라는 취지
business,〜旨,むね,~라는 취지
business,〜のほど,〜のほど,~하기를
business,〜かたがた,〜かたがた,~겸해서
business,〜にて,〜にて,~로 / ~에서
business,〜より,〜より,~로부터
business,〜宛に,あてに,~앞으로
business,〜ご案内,ごあんない,~안내
business,〜のご案内,のごあんない,~의 안내
business,〜のお知らせ,のおしらせ,~의 공지
business,〜のお願い,のおねがい,~의 부탁
business,〜のご報告,のごほうこく,~의 보고
business,〜のご連絡,のごれんらく,~의 연락
business,〜のお礼,のおれい,~의 감사
business,〜のお詫び,のおわび,~의 사과
business,〜のご依頼,のごいらい,~의 의뢰
business,〜のご確認,のごかくにん,~의 확인
business,〜のご相談,のごそうだん,~의 상담
business,〜のご提案,のごていあん,~의 제안
business,〜に関する,にかんする,~에 관한
business,〜に伴う,にともなう,~에 따른
business,〜に係る,にかかる,~에 관련된
business,〜に付き,につき,~에 관해 / ~로 인해
business,〜に基づく,にもとづく,~에 기초한
business,〜に向けて,にむけて,~을 위해
business,〜に先立ち,にさきだち,~에 앞서
business,〜に際し,にさいし,~에 즈음하여
business,〜にあたり,〜にあたり,~에 즈음하여
business,〜をもちまして,〜をもちまして,~로써
business,〜をもって,〜をもって,~로써
business,〜をお願い申し上げます,をおねがいもうしあげます,~을 부탁드립니다
business,〜をご案内いたします,をごあんないいたします,~을 안내해 드립니다
business,〜をお送りいたします,をおおくりいたします,~을 보내 드립니다
business,〜をご確認ください,をごかくにんください,~을 확인해 주십시오
business,〜をご査収ください,をごさしゅうください,~을 확인해 수령해 주십시오
business,アポイント,アポイント,약속 (업무 면담)
business,アポ,アポ,약속 (줄임말)
business,アポイントメント,アポイントメント,어포인트먼트
business,日程調整,にっていちょうせい,일정 조정
business,日程変更,にっていへんこう,일정 변경
business,日程候補,にっていこうほ,일정 후보
business,スケジュール調整,スケジュールちょうせい,스케줄 조정
business,面談,めんだん,면담
business,面接,めんせつ,면접
business,内定,ないてい,내정
business,内定通知,ないていつうち,내정 통지
business,不採用,ふさいよう,불채용
business,採用通知,さいようつうち,채용 통지
business,応募書類,おうぼしょるい,응모 서류
business,履歴書,りれきしょ,이력서
business,職務経歴書,しょくむけいれきしょ,직무 경력서
business,志望動機,しぼうどうき,지원 동기
business,志望,しぼう,지망
business,応募者,おうぼしゃ,응모자
business,辞退,じたい,사퇴
business,辞退する,じたいする,사퇴하다
business,お断り申し上げます,おことわりもうしあげます,거절 말씀드립니다
business,お断りする,おことわりする,거절하다
business,お受けできません,おうけできません,받아들일 수 없습니다
business,お引き受けできません,おひきうけできません,맡을 수 없습니다
business,対応いたしかねます,たいおういたしかねます,대응하기 어렵습니다
business,致しかねます,いたしかねます,하기 어렵습니다
business,難しい状況,むずかしいじょうきょう,어려운 상황
business,難しい,むずかしい,어렵다
business,困難,こんなん,곤란 / 어려움
business,厳しい状況,きびしいじょうきょう,엄중한 상황
business,都合がつかない,つごうがつかない,시간이 안 되다
business,都合がつく,つごうがつく,시간이 되다
business,先約,せんやく,선약
business,他の予定,ほかのよてい,다른 일정
business,重なる,かさなる,겹치다
business,重複,ちょうふく,중복
business,ダブルブッキング,ダブルブッキング,이중 예약
business,キャンセル,キャンセル,취소
business,取り消し,とりけし,취소
business,取り消す,とりけす,취소하다
business,撤回,てっかい,철회
business,白紙,はくし,백지
business,白紙に戻す,はくしにもどす,백지화하다
business,見送る,みおくる,보류하다 / 배웅하다
business,見合わせる,みあわせる,보류하다
business,差し控える,さしひかえる,삼가다
business,控える,ひかえる,삼가다
business,遠慮させていただく,えんりょさせていただく,사양하겠습니다
business,欠席させていただく,けっせきさせていただく,결석하겠습니다
business,参加できません,さんかできません,참가할 수 없습니다
business,出席できません,しゅっせきできません,출석할 수 없습니다
business,やむを得ない,やむをえない,부득이하다
business,やむを得ず,やむをえず,부득이하게
business,やむなく,やむなく,어쩔 수 없이
business,止むを得ない事情,やむをえないじじょう,부득이한 사정
business,事情,じじょう,사정
business,諸事情,しょじじょう,여러 사정
business,諸般の事情,しょはんのじじょう,여러 가지 사정
business,都合により,つごうにより,사정에 의해
business,急遽,きゅうきょ,급거 / 갑작스럽게
business,急な,きゅうな,갑작스러운
business,突然,とつぜん,돌연
business,突発,とっぱつ,돌발
business,突発的,とっぱつてき,돌발적
business,想定外,そうていがい,예상 밖
business,予期せぬ,よきせぬ,예기치 못한
business,不測,ふそく,불측 (예측 불가)
business,不測の事態,ふそくのじたい,불측의 사태
business,事態,じたい,사태
business,事情により,じじょうにより,사정에 따라
business,諸事,しょじ,여러 일
business,諸々,もろもろ,여러 가지
business,諸条件,しょじょうけん,여러 조건
business,諸経費,しょけいひ,제반 경비
business,諸費用,しょひよう,제반 비용
business,諸手続き,しょてつづき,제반 수속
business,お願いごと,おねがいごと,부탁할 일
business,お願いしたい,おねがいしたい,부탁하고 싶다
business,依頼内容,いらいないよう,의뢰 내용
business,依頼事項,いらいじこう,의뢰 사항
business,依頼状,いらいじょう,의뢰장
business,依頼する,いらいする,의뢰하다
business,要請する,ようせいする,요청하다
business,求める,もとめる,요구하다
business,請求する,せいきゅうする,청구하다
business,申請書,しんせいしょ,신청서
business,申込書,もうしこみしょ,신청서
business,申込,もうしこみ,신청
business,申し込む,もうしこむ,신청하다
business,資料請求,しりょうせいきゅう,자료 청구
business,見積依頼,みつもりいらい,견적 의뢰
business,見積り,みつもり,견적
business,見積もり金額,みつもりきんがく,견적 금액
business,見積有効期限,みつもりゆうこうきげん,견적 유효 기한
business,有効,ゆうこう,유효
business,有効期限,ゆうこうきげん,유효 기한
business,無効,むこう,무효
business,期限切れ,きげんぎれ,기한 만료
business,失効,しっこう,실효
business,効力,こうりょく,효력
business,発効,はっこう,발효
business,承認申請,しょうにんしんせい,승인 신청
business,承認依頼,しょうにんいらい,승인 의뢰
business,承認待ち,しょうにんまち,승인 대기
business,承認済み,しょうにんずみ,승인 완료
business,稟議書,りんぎしょ,품의서
business,回付,かいふ,회부
business,回す,まわす,돌리다
business,回答待ち,かいとうまち,답변 대기
business,返答待ち,へんとうまち,답변 대기
business,連絡待ち,れんらくまち,연락 대기
business,待機,たいき,대기
business,待たせる,またせる,기다리게 하다
business,お待ちしています,おまちしています,기다리고 있습니다
business,〜をお待ちしています,をおまちしています,~을 기다리고 있습니다
business,ご来場,ごらいじょう,내장 (방문)
business,来場,らいじょう,내장
business,来場者,らいじょうしゃ,내장객
business,ご来店,ごらいてん,내점
business,来店,らいてん,내점
business,来館,らいかん,내관
business,ご来館,ごらいかん,내관
business,お越しください,おこしください,오십시오
business,お運び,おはこび,발걸음
business,足を運ぶ,あしをはこぶ,발걸음하다
business,ご足労いただき,ごそくろういただき,걸음해 주셔서
business,ご参加ください,ごさんかください,참가해 주십시오
business,ご出席ください,ごしゅっせきください,출석해 주십시오
business,ご参加いただき,ごさんかいただき,참가해 주셔서
business,ご出席のほど,ごしゅっせきのほど,출석해 주시기를
business,ご多用中,ごたようちゅう,바쁘신 중
business,ご多用のところ,ごたようのところ,바쁘신 중에
business,ご出席賜り,ごしゅっせきたまわり,출석해 주셔서
business,ご臨席,ごりんせき,임석
business,ご列席,ごれっせき,참석
business,ご来臨,ごらいりん,왕림
business,ご招待,ごしょうたい,초대
business,ご案内状,ごあんないじょう,안내장
business,案内状,あんないじょう,안내장
business,招待状,しょうたいじょう,초대장
business,招待する,しょうたいする,초대하다
business,招く,まねく,초대하다 / 부르다
business,開催のご案内,かいさいのごあんない,개최 안내
business,開催日,かいさいび,개최일
business,開催場所,かいさいばしょ,개최 장소
business,会場,かいじょう,회장
business,会場案内,かいじょうあんない,회장 안내
business,会場図,かいじょうず,회장 도면
business,略図,りゃくず,약도
business,最寄り駅,もよりえき,가장 가까운 역
business,最寄り,もより,가장 가까움
business,アクセス,アクセス,접근 / 오시는 길
business,所在地,しょざいち,소재지
business,所在,しょざい,소재
business,所属,しょぞく,소속
business,所属部署,しょぞくぶしょ,소속 부서
business,肩書,かたがき,직함
business,肩書き,かたがき,직함 (표기)
business,氏名,しめい,성명
business,氏名・住所,しめい・じゅうしょ,성명・주소
business,フルネーム,フルネーム,풀네임
business,ふりがな,ふりがな,후리가나 (읽는 법)
business,連絡可能,れんらくかのう,연락 가능
business,連絡可能な時間,れんらくかのうなじかん,연락 가능한 시간
business,固定電話,こていでんわ,유선 전화
business,携帯電話,けいたいでんわ,휴대전화
business,内線,ないせん,내선
business,直通,ちょくつう,직통
business,代表電話,だいひょうでんわ,대표 전화
business,電話番号,でんわばんごう,전화번호
business,FAX,FAX,팩스
business,郵便番号,ゆうびんばんごう,우편번호
business,所在地住所,しょざいちじゅうしょ,소재지 주소
business,〒,〒,우편 기호
business,ウェブサイト,ウェブサイト,웹사이트
business,ホームページ,ホームページ,홈페이지
business,URL,URL,URL
business,リンク,リンク,링크
business,メールマガジン,メールマガジン,메일 매거진
business,配信,はいしん,배신 (배포)
business,配信停止,はいしんていし,수신 거부
business,登録,とうろく,등록
business,登録情報,とうろくじょうほう,등록 정보
business,会員,かいいん,회원
business,会員登録,かいいんとうろく,회원 등록
business,退会,たいかい,탈퇴
business,入会,にゅうかい,입회
business,加入,かにゅう,가입
business,脱退,だったい,탈퇴
business,解除,かいじょ,해제
business,停止,ていし,정지
business,一時停止,いちじていし,일시 정지
business,再開,さいかい,재개
business,開始日,かいしび,개시일
business,終了日,しゅうりょうび,종료일
business,締切日,しめきりび,마감일
business,期日厳守,きじつげんしゅ,기일 엄수
business,厳守,げんしゅ,엄수
business,必着,ひっちゃく,필착
business,消印有効,けしいんゆうこう,소인 유효
business,当日消印,とうじつけしいん,당일 소인
business,〆切,しめきり,마감
business,文書作成,ぶんしょさくせい,문서 작성
business,作成,さくせい,작성
business,作成者,さくせいしゃ,작성자
business,作成日,さくせいび,작성일
business,作成中,さくせいちゅう,작성 중
business,作成する,さくせいする,작성하다
business,起案,きあん,기안
business,起草,きそう,기초
business,立案,りつあん,입안
business,記す,しるす,적다
business,綴る,つづる,(글을) 짓다
business,綴じる,とじる,철하다
business,書き込む,かきこむ,써넣다
business,書き換える,かきかえる,고쳐 쓰다
business,書き留める,かきとめる,적어 두다
business,書面で,しょめんで,서면으로
business,書面にて,しょめんにて,서면으로
business,文書化,ぶんしょか,문서화
business,文言,もんごん,문언
business,表現,ひょうげん,표현
business,表記,ひょうき,표기
business,表題,ひょうだい,표제
business,題名,だいめい,제목
business,見出し,みだし,표제 / 제목
business,章,しょう,장
business,節,せつ,절
business,項目,こうもく,항목
business,欄,らん,란
business,空欄,くうらん,공란
business,必須項目,ひっすこうもく,필수 항목
business,入力,にゅうりょく,입력
business,入力欄,にゅうりょくらん,입력란
business,入力する,にゅうりょくする,입력하다
business,選択,せんたく,선택
business,選択肢,せんたくし,선택지
business,該当する,がいとうする,해당하다
business,チェック,チェック,체크
business,チェックリスト,チェックリスト,체크리스트
business,リスト,リスト,리스트
business,一覧,いちらん,일람
business,一覧表,いちらんひょう,일람표
business,表,ひょう,표
business,図,ず,도표 / 그림
business,図表,ずひょう,도표
business,グラフ,グラフ,그래프
business,フローチャート,フローチャート,플로차트
business,資料作成,しりょうさくせい,자료 작성
business,別資料,べつしりょう,별도 자료
business,補足資料,ほそくしりょう,보충 자료
business,参考URL,さんこうユーアールエル,참고 URL
business,ご覧ください,ごらんください,보십시오
business,ご覧いただく,ごらんいただく,보아 주시다
business,お目を通す,おめをとおす,훑어보다
business,目を通す,めをとおす,훑어보다
business,閲覧,えつらん,열람
business,閲覧権限,えつらんけんげん,열람 권한
business,権限,けんげん,권한
business,承認権限,しょうにんけんげん,승인 권한
business,アクセス権,アクセスけん,접근 권한
business,アカウント,アカウント,계정
business,ログイン,ログイン,로그인
business,ログアウト,ログアウト,로그아웃
business,ID,ID,ID
business,設定,せってい,설정
business,設定変更,せっていへんこう,설정 변경
business,変更履歴,へんこうりょれき,변경 이력
business,履歴,りれき,이력
business,更新履歴,こうしんりれき,갱신 이력
business,バージョン,バージョン,버전
business,保存,ほぞん,저장
business,上書き,うわがき,덮어쓰기
business,バックアップ,バックアップ,백업
business,復元,ふくげん,복원
business,削除済み,さくじょずみ,삭제 완료
business,修正版,しゅうせいばん,수정판
business,修正依頼,しゅうせいいらい,수정 의뢰
business,修正箇所,しゅうせいかしょ,수정 부분
business,箇所,かしょ,부분 / 군데
business,該当箇所,がいとうかしょ,해당 부분
business,部分,ぶぶん,부분
business,全体,ぜんたい,전체
business,赤字修正,あかじしゅうせい,적색 수정
business,赤入れ,あかいれ,교정 (붉은 펜)
business,指摘事項,してきじこう,지적 사항
business,指摘,してき,지적
business,指示,しじ,지시
business,指示事項,しじじこう,지시 사항
business,指示通り,しじどおり,지시대로
business,指定,してい,지정
business,指定日,していび,지정일
business,指定の通り,しているとおり,지정대로
business,ご指定,ごしてい,지정
business,ご指示,ごしじ,지시
business,ご指示ください,ごしじください,지시해 주십시오
business,ご指示を仰ぐ,ごしじをあおぐ,지시를 받다
business,仰ぐ,あおぐ,우러러보다 / 청하다
business,お伺いを立てる,おうかがいをたてる,여쭈다
business,伺い,うかがい,여쭘
business,意向を伺う,いこうをうかがう,의향을 여쭙다
business,ご意向,ごいこう,의향
business,ご意見を伺う,ごいけんをうかがう,의견을 여쭙다
business,ご意見,ごいけん,의견
business,ご感想,ごかんそう,감상
business,感想,かんそう,감상
business,ご評価,ごひょうか,평가
business,ご評価いただく,ごひょうかいただく,평가해 주시다
business,ご満足,ごまんぞく,만족
business,ご満足いただける,ごまんぞくいただける,만족해 주실 수 있는
business,ご期待,ごきたい,기대
business,ご期待に沿えず,ごきたいにそえず,기대에 부응하지 못해
business,沿えず,そえず,부응하지 못해
business,及ばず,およばず,미치지 못해
business,至らず,いたらず,부족해서
business,至らない点,いたらないてん,부족한 점
business,未熟,みじゅく,미숙
business,力不足,ちからぶそく,역부족
business,不徳の致すところ,ふとくのいたすところ,제 부덕의 소치
business,面会,めんかい,면회 / 면담
business,会談,かいだん,회담
business,会議,かいぎ,회의
business,商談,しょうだん,상담 (거래 협상)
business,訪問,ほうもん,방문
business,来社,らいしゃ,내사 (회사에 방문함)
business,受付,うけつけ,접수 / 안내 데스크
business,応接室,おうせつしつ,응접실
business,会議室,かいぎしつ,회의실
business,名刺交換,めいしこうかん,명함 교환
business,自己紹介,じこしょうかい,자기소개
business,初対面,しょたいめん,첫 대면
business,面識,めんしき,면식
business,お世話になっております,おせわになっております,신세 지고 있습니다
business,お忙しいところ,おいそがしいところ,바쁘신 중에
business,恐れ入ります,おそれいります,송구합니다
business,恐縮,きょうしゅく,황송함
business,失礼いたします,しつれいいたします,실례하겠습니다
business,お待たせいたしました,おまたせいたしました,기다리게 해서 죄송합니다
business,お時間をいただく,おじかんをいただく,시간을 내주시다
business,貴重なお時間,きちょうなおじかん,귀중한 시간
business,貴社,きしゃ,귀사
business,弊社,へいしゃ,폐사 (저희 회사)
business,御社,おんしゃ,귀사 (구어)
business,当社,とうしゃ,당사
business,我が社,わがしゃ,우리 회사
business,先方,せんぽう,상대방 측
business,先日,せんじつ,지난번
business,本日,ほんじつ,금일
business,後日,ごじつ,후일
business,今後,こんご,앞으로
business,今回,こんかい,이번
business,次回,じかい,다음 번
business,前回,ぜんかい,지난번
business,議事,ぎじ,의사 (회의 안건)
business,資料,しりょう,자료
business,配布,はいふ,배포
business,配付,はいふ,배부
business,目次,もくじ,목차
business,概要,がいよう,개요
business,概略,がいりゃく,개략
business,要点,ようてん,요점
business,要約,ようやく,요약
business,趣旨,しゅし,취지
business,主旨,しゅし,주지 / 요지
business,背景,はいけい,배경
business,経緯,けいい,경위
business,現状,げんじょう,현황
business,成果,せいか,성과
business,結果,けっか,결과
business,問題点,もんだいてん,문제점
business,懸念,けねん,우려
business,懸念事項,けねんじこう,우려 사항
business,リスク,リスク,리스크
business,対応,たいおう,대응
business,改善,かいぜん,개선
business,解決,かいけつ,해결
business,提案書,ていあんしょ,제안서
business,企画,きかく,기획
business,企画書,きかくしょ,기획서
business,計画,けいかく,계획
business,案,あん,안
business,代替案,だいたいあん,대안
business,試案,しあん,시안
business,素案,そあん,초안
business,見積,みつもり,견적
business,見積書,みつもりしょ,견적서
business,見積もる,みつもる,견적하다
business,概算,がいさん,개산 (대략적 계산)
business,費用,ひよう,비용
business,経費,けいひ,경비
business,単価,たんか,단가
business,総額,そうがく,총액
business,値下げ,ねさげ,가격 인하
business,値上げ,ねあげ,가격 인상
business,価格交渉,かかくこうしょう,가격 협상
business,条件,じょうけん,조건
business,条件面,じょうけんめん,조건 면
business,納期,のうき,납기
business,納品,のうひん,납품
business,納入,のうにゅう,납입
business,発注,はっちゅう,발주
business,受注,じゅちゅう,수주
business,注文書,ちゅうもんしょ,주문서
business,発注書,はっちゅうしょ,발주서
business,請求,せいきゅう,청구
business,請求書,せいきゅうしょ,청구서
business,入金,にゅうきん,입금
business,振込,ふりこみ,계좌 이체
business,決済,けっさい,결제
business,契約書,けいやくしょ,계약서
business,契約期間,けいやくきかん,계약 기간
business,契約更新,けいやくこうしん,계약 갱신
business,更新,こうしん,갱신
business,解約,かいやく,해약
business,締結,ていけつ,체결
business,同意,どうい,동의
business,承諾,しょうだく,승낙
business,了承,りょうしょう,양해
business,了解,りょうかい,양해 / 알았음
business,承認,しょうにん,승인
business,許可,きょか,허가
business,却下,きゃっか,각하 (기각)
business,再検討,さいけんとう,재검토
business,前向き,まえむき,긍정적임
business,前向きに検討,まえむきにけんとう,긍정적으로 검토
business,慎重,しんちょう,신중함
business,善処,ぜんしょ,선처
business,考慮,こうりょ,고려
business,配慮,はいりょ,배려
business,留意,りゅうい,유의
business,尊重,そんちょう,존중
business,理解,りかい,이해
business,把握,はあく,파악
business,認識,にんしき,인식
business,共通,きょうつう,공통
business,相違,そうい,상이 / 차이
business,齟齬,そご,어긋남
business,誤解,ごかい,오해
business,再確認,さいかくにん,재확인
business,念のため,ねんのため,만일을 위해
business,念押し,ねんおし,다짐함
business,補足,ほそく,보충
business,補足説明,ほそくせつめい,보충 설명
business,詳細,しょうさい,상세
business,詳しい,くわしい,자세하다
business,具体的,ぐたいてき,구체적
business,抽象的,ちゅうしょうてき,추상적
business,明確,めいかく,명확
business,曖昧,あいまい,애매함
business,正確,せいかく,정확
business,大まか,おおまか,대략적임
business,大枠,おおわく,큰 틀
business,全体像,ぜんたいぞう,전체상
business,方向性,ほうこうせい,방향성
business,方針,ほうしん,방침
business,戦略,せんりゃく,전략
business,戦術,せんじゅつ,전술
business,狙い,ねらい,노림 / 목적
business,意図,いと,의도
business,意向,いこう,의향
business,要望,ようぼう,요망
business,要求,ようきゅう,요구
business,要請,ようせい,요청
business,協議,きょうぎ,협의
business,協力,きょうりょく,협력
business,協賛,きょうさん,협찬
business,提携,ていけい,제휴
business,業務提携,ぎょうむていけい,업무 제휴
business,連携,れんけい,연계
business,取引,とりひき,거래
business,取引先,とりひきさき,거래처
business,得意先,とくいさき,단골 거래처
business,新規,しんき,신규
business,既存,きぞん,기존
business,潜在,せんざい,잠재
business,潜在顧客,せんざいこきゃく,잠재 고객
business,見込み客,みこみきゃく,가망 고객
business,営業担当,えいぎょうたんとう,영업 담당
business,担当者,たんとうしゃ,담당자
business,責任者,せきにんしゃ,책임자
business,代表,だいひょう,대표
business,代表者,だいひょうしゃ,대표자
business,窓口,まどぐち,창구
business,部長,ぶちょう,부장
business,課長,かちょう,과장
business,係長,かかりちょう,계장
business,社長,しゃちょう,사장
business,専務,せんむ,전무
business,常務,じょうむ,상무
business,取締役,とりしまりやく,이사
business,役員,やくいん,임원
business,同僚,どうりょう,동료
business,後輩,こうはい,후배
business,先輩,せんぱい,선배
business,同席,どうせき,동석
business,出席,しゅっせき,출석
business,欠席,けっせき,결석
business,参加,さんか,참가
business,参加者,さんかしゃ,참가자
business,出席者,しゅっせきしゃ,출석자
business,主催,しゅさい,주최
business,司会,しかい,사회
business,進行,しんこう,진행
business,進行役,しんこうやく,진행 담당
business,進める,すすめる,진행시키다
business,開始,かいし,개시
business,開催,かいさい,개최
business,終了,しゅうりょう,종료
business,中断,ちゅうだん,중단
business,中止,ちゅうし,중지
business,変更,へんこう,변경
business,日時,にちじ,일시
business,日取り,ひどり,날짜 정하기
business,候補,こうほ,후보
business,候補日,こうほび,후보일
business,スケジュール,スケジュール,스케줄
business,空き,あき,빔 / 여유
business,所要時間,しょようじかん,소요 시간
business,お時間,おじかん,시간 (정중)
business,時間帯,じかんたい,시간대
business,午前中,ごぜんちゅう,오전 중
business,終日,しゅうじつ,종일
business,同日,どうじつ,같은 날
business,翌日,よくじつ,다음 날
business,翌週,よくしゅう,다음 주
business,翌月,よくげつ,다음 달
business,月末,げつまつ,월말
business,月初,げっしょ,월초
business,年度,ねんど,연도 (회계)
business,上期,かみき,상반기
business,下期,しもき,하반기
business,四半期,しはんき,분기
business,期限,きげん,기한
business,期日,きじつ,기일
business,早急,さっきゅう,조속히
business,速やか,すみやか,신속함
business,迅速,じんそく,신속
business,随時,ずいじ,수시
business,適宜,てきぎ,적절히
business,順次,じゅんじ,순차
business,逐一,ちくいち,일일이
business,一括,いっかつ,일괄
business,個別,こべつ,개별
business,別途,べっと,별도
business,追加,ついか,추가
business,削除,さくじょ,삭제
business,修正,しゅうせい,수정
business,訂正,ていせい,정정
business,変更点,へんこうてん,변경점
business,差し替え,さしかえ,교체
business,見直す,みなおす,재검토하다
business,差異,さい,차이
business,比較,ひかく,비교
business,分析,ぶんせき,분석
business,調査,ちょうさ,조사
business,市場調査,しじょうちょうさ,시장 조사
business,統計,とうけい,통계
business,データ,データ,데이터
business,数値,すうち,수치
business,数字,すうじ,숫자
business,割合,わりあい,비율
business,比率,ひりつ,비율
business,増加,ぞうか,증가
business,減少,げんしょう,감소
business,上昇,じょうしょう,상승
business,低下,ていか,저하
business,向上,こうじょう,향상
business,拡大,かくだい,확대
business,縮小,しゅくしょう,축소
business,維持,いじ,유지
business,安定,あんてい,안정
business,成長,せいちょう,성장
business,発展,はってん,발전
business,展開,てんかい,전개
business,推進,すいしん,추진
business,促進,そくしん,촉진
business,強化,きょうか,강화
business,徹底,てってい,철저
business,最適,さいてき,최적
business,効率化,こうりつか,효율화
business,効果,こうか,효과
business,効果的,こうかてき,효과적
business,利益,りえき,이익
business,利点,りてん,이점
business,メリット,メリット,장점
business,デメリット,デメリット,단점
business,優位性,ゆういせい,우위성
business,強み,つよみ,강점
business,弱み,よわみ,약점
business,差別化,さべつか,차별화
business,競合,きょうごう,경합
business,競合他社,きょうごうたしゃ,경쟁사
business,競争,きょうそう,경쟁
business,競争力,きょうそうりょく,경쟁력
business,需要,じゅよう,수요
business,供給,きょうきゅう,공급
business,動向,どうこう,동향
business,傾向,けいこう,경향
business,見通し,みとおし,전망
business,予測,よそく,예측
business,予想,よそう,예상
business,見込み,みこみ,전망 / 가능성
business,可能性,かのうせい,가능성
business,実現,じつげん,실현
business,実現可能,じつげんかのう,실현 가능
business,実施,じっし,실시
business,実行,じっこう,실행
business,実務,じつむ,실무
business,運用,うんよう,운용
business,導入,どうにゅう,도입
business,採用,さいよう,채용 / 채택
business,活用,かつよう,활용
business,利用,りよう,이용
business,適用,てきよう,적용
business,応用,おうよう,응용
business,発表,はっぴょう,발표
business,説明会,せつめいかい,설명회
business,プレゼン,プレゼン,프레젠테이션
business,プレゼンテーション,プレゼンテーション,프레젠테이션
business,スライド,スライド,슬라이드
business,映す,うつす,비추다 / 띄우다
business,投影,とうえい,투영
business,質疑応答,しつぎおうとう,질의응답
business,質疑,しつぎ,질의
business,回答,かいとう,회답
business,見解,けんかい,견해
business,所見,しょけん,소견
business,立場,たちば,입장
business,観点,かんてん,관점
business,視点,してん,시점
business,論点,ろんてん,논점
business,争点,そうてん,쟁점
business,主張,しゅちょう,주장
business,根拠,こんきょ,근거
business,裏付け,うらづけ,뒷받침
business,前提,ぜんてい,전제
business,前提条件,ぜんていじょうけん,전제 조건
business,仮定,かてい,가정
business,仮説,かせつ,가설
business,結論,けつろん,결론
business,要望事項,ようぼうじこう,요망 사항
business,合意事項,ごういじこう,합의 사항
business,決定事項,けっていじこう,결정 사항
business,決定,けってい,결정
business,決裁,けっさい,결재
business,決断,けつだん,결단
business,判断,はんだん,판단
business,判断材料,はんだんざいりょう,판단 자료
business,優先,ゆうせん,우선
business,優先順位,ゆうせんじゅんい,우선순위
business,重要,じゅうよう,중요
business,重要性,じゅうようせい,중요성
business,必須,ひっす,필수
business,任意,にんい,임의
business,可否,かひ,가부
business,是非,ぜひ,옳고 그름 / 꼭
business,妥当,だとう,타당
business,適切,てきせつ,적절
business,適正,てきせい,적정
business,譲歩,じょうほ,양보
business,折衷,せっちゅう,절충
business,折り合い,おりあい,타협 / 화합
business,交渉決裂,こうしょうけつれつ,교섭 결렬
business,難航,なんこう,난항
business,紛糾,ふんきゅう,분규 / 혼선
business,対立,たいりつ,대립
business,衝突,しょうとつ,충돌
business,反論,はんろん,반론
business,異論,いろん,이의
business,異議,いぎ,이의
business,意義,いぎ,의의
business,賛否,さんぴ,찬반
business,賛同,さんどう,찬동
business,支持,しじ,지지
business,同調,どうちょう,동조
business,納得,なっとく,납득
business,了見,りょうけん,생각 / 소견
business,満足度,まんぞくど,만족도
business,信頼関係,しんらいかんけい,신뢰 관계
business,信用,しんよう,신용
business,実直,じっちょく,성실하고 정직함
business,誠意,せいい,성의
business,誠実,せいじつ,성실
business,熱意,ねつい,열의
business,意欲,いよく,의욕
business,姿勢,しせい,자세
business,態度,たいど,태도
business,対応力,たいおうりょく,대응력
business,柔軟,じゅうなん,유연
business,柔軟性,じゅうなんせい,유연성
business,迅速対応,じんそくたいおう,신속 대응
business,丁寧,ていねい,정중함
business,親切丁寧,しんせつていねい,친절하고 정중함
business,礼儀,れいぎ,예의
business,礼儀正しい,れいぎただしい,예의 바르다
business,マナー,マナー,매너
business,ビジネスマナー,ビジネスマナー,비즈니스 매너
business,敬語,けいご,경어
business,尊敬語,そんけいご,존경어
business,謙譲語,けんじょうご,겸양어
business,丁寧語,ていねいご,정중어
business,言葉遣い,ことばづかい,말씨
business,敬意,けいい,경의
business,御礼,おんれい,사례
business,謝意,しゃい,사의
business,お詫び,おわび,사과
business,陳謝,ちんしゃ,진사
business,遺憾,いかん,유감
business,不備,ふび,미비
business,不手際,ふてぎわ,서투름 / 실수
business,不行き届き,ふゆきとどき,소홀함
business,失礼,しつれい,실례
business,無礼,ぶれい,무례
business,ご無沙汰,ごぶさた,오랫동안 소식 못 드림
business,ご了承ください,ごりょうしょうください,양해 부탁드립니다
business,ご容赦,ごようしゃ,용서
business,ご理解,ごりかい,이해
business,ご協力,ごきょうりょく,협력
business,ご配慮,ごはいりょ,배려
business,ご検討,ごけんとう,검토
business,ご確認,ごかくにん,확인
business,ご連絡,ごれんらく,연락
business,ご報告,ごほうこく,보고
business,ご案内,ごあんない,안내
business,ご紹介,ごしょうかい,소개
business,ご提案,ごていあん,제안
business,ご依頼,ごいらい,의뢰
business,ご相談,ごそうだん,상담
business,ご質問,ごしつもん,질문
business,ご要望,ごようぼう,요망
business,ご指摘,ごしてき,지적
business,ご指導,ごしどう,지도
business,ご助言,ごじょげん,조언
business,ご支援,ごしえん,지원
business,ご厚意,ごこうい,호의
business,ご好意,ごこうい,호의 (친절)
business,ご丁寧に,ごていねいに,정중하게
business,ご多忙,ごたぼう,매우 바쁘심
business,ご都合,ごつごう,사정 (존경)
business,ご足労,ごそくろう,걸음하심
business,ご来社,ごらいしゃ,내사
business,ご来訪,ごらいほう,내방
business,ご出席,ごしゅっせき,출석
business,ご参加,ごさんか,참가
business,ご多用,ごたよう,다망
business,ご自愛,ごじあい,몸조심하세요
business,お力添え,おちからぞえ,도움
business,お心遣い,おこころづかい,배려
business,お気遣い,おきづかい,마음 씀
business,お手数,おてすう,수고
business,お手数をおかけします,おてすうをおかけします,번거롭게 해 드립니다
business,お手間,おてま,수고
business,お骨折り,おほねおり,수고
business,お取り計らい,おとりはからい,처리 / 주선
business,お引き立て,おひきたて,돌봐 줌
business,お取り扱い,おとりあつかい,취급
business,お見積もり,おみつもり,견적
business,お見えになる,おみえになる,오시다
business,お越し,おこし,오심
business,お待ちしております,おまちしております,기다리고 있겠습니다
business,お伺い,おうかがい,여쭘 / 방문
business,伺う,うかがう,방문하다 / 여쭙다
business,参る,まいる,가다 / 오다 (겸양)
business,申す,もうす,말씀드리다
business,申し上げる,もうしあげる,말씀드리다
business,申し訳ありません,もうしわけありません,죄송합니다
business,申し込み,もうしこみ,신청
business,申し出,もうしで,제의
business,申請,しんせい,신청
business,いたす,いたす,하다 (겸양)
business,おる,おる,있다 (겸양)
business,存じる,ぞんじる,알다 / 생각하다 (겸양)
business,存じます,ぞんじます,압니다 / 생각합니다
business,承る,うけたまわる,받들어 듣다
business,拝見,はいけん,삼가 봄
business,拝見する,はいけんする,삼가 보다
business,拝借,はいしゃく,빌림
business,拝聴,はいちょう,삼가 들음
business,拝受,はいじゅ,삼가 받음
business,頂戴,ちょうだい,받음 (겸양)
business,頂く,いただく,받다 / 먹다 (겸양)
business,賜る,たまわる,하사받다
business,差し上げる,さしあげる,드리다
business,お目にかかる,おめにかかる,뵙다
business,お目にかけ,おめにかけ,보여 드림
business,ご覧になる,ごらんになる,보시다
business,いらっしゃる,いらっしゃる,계시다 / 오시다
business,おっしゃる,おっしゃる,말씀하시다
business,なさる,なさる,하시다
business,召し上がる,めしあがる,드시다
business,くださる,下さる,주시다
business,ご存じ,ごぞんじ,아심
business,お目通し,おめどおし,훑어봄
business,お耳に入れる,おみみにいれる,귀에 들려 드리다
business,お聞かせ,おきかせ,들려줌
business,お知らせ,おしらせ,알림
business,お問い合わせ,おといあわせ,문의
business,お返事,おへんじ,답변
business,お電話,おでんわ,전화 (정중)
business,お名前,おなまえ,성함
business,お席,おせき,자리
business,お荷物,おにもつ,짐
business,お預かり,おあずかり,맡음
business,お預け,おあずけ,맡김
business,お渡し,おわたし,건네 드림
business,お届け,おとどけ,전달 / 배달
business,お受け,おうけ,받음
business,お断り,おことわり,거절
business,お取り下げ,おとりさげ,철회
business,お引き受け,おひきうけ,떠맡음
business,お任せ,おまかせ,맡김
business,お願い申し上げます,おねがいもうしあげます,부탁드립니다
business,よろしくお願い申し上げます,よろしくおねがいもうしあげます,잘 부탁드립니다
business,何卒,なにとぞ,부디
business,くれぐれも,くれぐれも,부디 / 거듭
business,改めまして,あらためまして,다시 한번
business,恐縮ですが,きょうしゅくですが,송구하지만
business,お手すきの際,おてすきのさい,한가하실 때
business,お差し支えなければ,おさしつかえなければ,지장이 없으시다면
business,差し支え,さしつかえ,지장
business,差し支えない,さしつかえない,지장 없다
business,念頭,ねんとう,염두
business,念頭に置く,ねんとうにおく,염두에 두다
business,頭に入れる,あたまにいれる,머리에 넣다
business,心がける,こころがける,유념하다
business,心掛け,こころがけ,마음가짐
business,努める,つとめる,힘쓰다
business,尽力,じんりょく,진력
business,精進,しょうじん,정진
business,奮闘,ふんとう,분투
business,貢献,こうけん,공헌
business,寄与,きよ,기여
business,役立つ,やくだつ,도움이 되다
business,役に立つ,やくにたつ,도움이 되다
business,活かす,いかす,살리다
business,生かす,いかす,살리다 / 활용하다
business,契約内容,けいやくないよう,계약 내용
business,契約条項,けいやくじょうこう,계약 조항
business,条項,じょうこう,조항
business,条文,じょうぶん,조문
business,規約,きやく,규약
business,規定,きてい,규정
business,規則,きそく,규칙
business,約款,やっかん,약관
business,覚書,おぼえがき,각서
business,合意書,ごういしょ,합의서
business,協定,きょうてい,협정
business,協定書,きょうていしょ,협정서
business,同意書,どういしょ,동의서
business,誓約書,せいやくしょ,서약서
business,秘密保持,ひみつほじ,비밀 유지
business,守秘義務,しゅひぎむ,수비 의무
business,機密,きみつ,기밀
business,機密情報,きみつじょうほう,기밀 정보
business,漏洩,ろうえい,누설
business,個人情報,こじんじょうほう,개인정보
business,情報管理,じょうほうかんり,정보 관리
business,知的財産,ちてきざいさん,지적 재산
business,特許,とっきょ,특허
business,商標,しょうひょう,상표
business,著作権,ちょさくけん,저작권
business,権利,けんり,권리
business,義務,ぎむ,의무
business,責任,せきにん,책임
business,免責,めんせき,면책
business,賠償,ばいしょう,배상
business,損害,そんがい,손해
business,損害賠償,そんがいばいしょう,손해 배상
business,違約金,いやくきん,위약금
business,違反,いはん,위반
business,履行,りこう,이행
business,不履行,ふりこう,불이행
business,遵守,じゅんしゅ,준수
business,法令,ほうれい,법령
business,法務,ほうむ,법무
business,法的,ほうてき,법적
business,適法,てきほう,적법
business,違法,いほう,위법
business,双方,そうほう,쌍방
business,両者,りょうしゃ,양자
business,甲,こう,갑 (계약 당사자)
business,乙,おつ,을 (계약 당사자)
business,当事者,とうじしゃ,당사자
business,第三者,だいさんしゃ,제삼자
business,代理,だいり,대리
business,代理店,だいりてん,대리점
business,代行,だいこう,대행
business,委託,いたく,위탁
business,外注,がいちゅう,외주
business,下請け,したうけ,하청
business,元請け,もとうけ,원청
business,受託,じゅたく,수탁
business,請負,うけおい,도급
business,派遣,はけん,파견
business,出向,しゅっこう,출향 (파견근무)
business,業務委託,ぎょうむいたく,업무 위탁
business,販売,はんばい,판매
business,販売店,はんばいてん,판매점
business,販路,はんろ,판로
business,販促,はんそく,판촉
business,販売促進,はんばいそくしん,판매 촉진
business,宣伝,せんでん,선전
business,広告,こうこく,광고
business,広報,こうほう,홍보
business,PR,PR,PR (홍보)
business,告知,こくち,고지
business,周知,しゅうち,주지 (널리 알림)
business,報道,ほうどう,보도
business,取材,しゅざい,취재
business,発売,はつばい,발매
business,発表会,はっぴょうかい,발표회
business,展示会,てんじかい,전시회
business,見本市,みほんいち,견본 시장
business,出展,しゅってん,출전 (전시 참가)
business,出品,しゅっぴん,출품
business,見本,みほん,견본
business,サンプル,サンプル,샘플
business,試作,しさく,시작 (시제작)
business,試作品,しさくひん,시제품
business,試験,しけん,시험
business,テスト,テスト,테스트
business,検証,けんしょう,검증
business,実証,じっしょう,실증
business,評価,ひょうか,평가
business,査定,さてい,사정 / 평가
business,審査,しんさ,심사
business,選定,せんてい,선정
business,選考,せんこう,전형
business,採択,さいたく,채택
business,入札,にゅうさつ,입찰
business,落札,らくさつ,낙찰
business,公募,こうぼ,공모
business,応募,おうぼ,응모
business,コンペ,コンペ,경쟁 입찰 / 컨페
business,相見積,あいみつ,상견적 (복수 견적)
business,仕様,しよう,사양
business,仕様書,しようしょ,사양서
business,規格,きかく,규격
business,基準,きじゅん,기준
business,水準,すいじゅん,수준
business,品質,ひんしつ,품질
business,品質管理,ひんしつかんり,품질 관리
business,性能,せいのう,성능
business,機能,きのう,기능
business,特徴,とくちょう,특징
business,特長,とくちょう,특장점
business,種類,しゅるい,종류
business,仕組み,しくみ,구조 / 구성
business,構成,こうせい,구성
business,構造,こうぞう,구조
business,設計,せっけい,설계
business,開発,かいはつ,개발
business,製造,せいぞう,제조
business,生産,せいさん,생산
business,生産性,せいさんせい,생산성
business,量産,りょうさん,양산
business,加工,かこう,가공
business,組み立て,くみたて,조립
business,検品,けんぴん,검품
business,出荷,しゅっか,출하
business,物流,ぶつりゅう,물류
business,配送,はいそう,배송
business,輸送,ゆそう,수송
business,輸入,ゆにゅう,수입
business,輸出,ゆしゅつ,수출
business,通関,つうかん,통관
business,関税,かんぜい,관세
business,貿易,ぼうえき,무역
business,海外展開,かいがいてんかい,해외 전개
business,現地,げんち,현지
business,現地法人,げんちほうじん,현지 법인
business,支社,ししゃ,지사
business,支店,してん,지점
business,本社,ほんしゃ,본사
business,本店,ほんてん,본점
business,営業所,えいぎょうしょ,영업소
business,事業,じぎょう,사업
business,事業部,じぎょうぶ,사업부
business,事業計画,じぎょうけいかく,사업 계획
business,新規事業,しんきじぎょう,신규 사업
business,事業所,じぎょうしょ,사업소
business,法人,ほうじん,법인
business,個人事業主,こじんじぎょうぬし,개인 사업자
business,中小企業,ちゅうしょうきぎょう,중소기업
business,大手,おおて,대기업
business,大手企業,おおてきぎょう,대기업
business,上場,じょうじょう,상장
business,上場企業,じょうじょうきぎょう,상장 기업
business,子会社,こがいしゃ,자회사
business,親会社,おやがいしゃ,모회사
business,関連会社,かんれんがいしゃ,관련 회사
business,グループ会社,グループがいしゃ,그룹 회사
business,同業,どうぎょう,동업종
business,同業他社,どうぎょうたしゃ,동종 타사
business,異業種,いぎょうしゅ,이업종
business,業界,ぎょうかい,업계
business,業種,ぎょうしゅ,업종
business,業態,ぎょうたい,업태
business,業績,ぎょうせき,업적
business,業績悪化,ぎょうせきあっか,실적 악화
business,売上,うりあげ,매출
business,売り上げ,うりあげ,매출
business,売上高,うりあげだか,매출액
business,収益,しゅうえき,수익
business,収入,しゅうにゅう,수입
business,支出,ししゅつ,지출
business,赤字,あかじ,적자
business,黒字,くろじ,흑자
business,損益,そんえき,손익
business,粗利,あらり,매출 총이익
business,原価,げんか,원가
business,コスト,コスト,비용
business,コスト削減,コストさくげん,비용 절감
business,削減,さくげん,삭감
business,節約,せつやく,절약
business,投資,とうし,투자
business,出資,しゅっし,출자
business,融資,ゆうし,융자
business,資金,しきん,자금
business,資本,しほん,자본
business,資産,しさん,자산
business,負債,ふさい,부채
business,財務,ざいむ,재무
business,経理,けいり,경리
business,決算,けっさん,결산
business,監査,かんさ,감사
business,税務,ぜいむ,세무
business,予算案,よさんあん,예산안
business,予算超過,よさんちょうか,예산 초과
business,概算見積,がいさんみつもり,개략 견적
business,追加費用,ついかひよう,추가 비용
business,初期費用,しょきひよう,초기 비용
business,運用費用,うんようひよう,운용 비용
business,保守,ほしゅ,보수 (유지)
business,保守点検,ほしゅてんけん,보수 점검
business,点検,てんけん,점검
business,修理,しゅうり,수리
business,故障,こしょう,고장
business,不具合,ふぐあい,결함
business,欠陥,けっかん,결함
business,不良,ふりょう,불량
business,不良品,ふりょうひん,불량품
business,返金,へんきん,환불 (돈 돌려줌)
business,補償,ほしょう,보상
business,保証,ほしょう,보증
business,保証期間,ほしょうきかん,보증 기간
business,無償,むしょう,무상
business,有償,ゆうしょう,유상
business,有料,ゆうりょう,유료
business,アフターサービス,アフターサービス,애프터서비스
business,サポート,サポート,지원
business,サポート体制,サポートたいせい,지원 체제
business,体制,たいせい,체제
business,態勢,たいせい,태세
business,苦情,くじょう,불만 (클레임)
business,クレーム,クレーム,클레임
business,要望対応,ようぼうたいおう,요망 대응
business,問い合わせ,といあわせ,문의
business,照会,しょうかい,조회
business,回答期限,かいとうきげん,회답 기한
business,折り返し,おりかえし,회신 / 바로 다시
business,折り返し連絡,おりかえしれんらく,회신 연락
business,後ほど,のちほど,나중에
business,追って,おって,추후에
business,改めてご連絡,あらためてごれんらく,다시 연락 드림
business,接待,せったい,접대
business,会食,かいしょく,회식 / 회합 식사
business,懇親会,こんしんかい,친목회
business,歓迎会,かんげいかい,환영회
business,送別会,そうべつかい,송별회
business,忘年会,ぼうねんかい,송년회
business,新年会,しんねんかい,신년회
business,二次会,にじかい,2차
business,手土産,てみやげ,손에 들고 가는 선물
business,粗品,そしな,변변치 않은 선물
business,お歳暮,おせいぼ,연말 선물
business,お中元,おちゅうげん,백중 선물
business,贈答,ぞうとう,증답
business,出張費,しゅっちょうひ,출장비
business,宿泊,しゅくはく,숙박
business,宿泊先,しゅくはくさき,숙박처
business,手配,てはい,수배 (준비)
business,手配する,てはいする,수배하다
business,同行,どうこう,동행
business,随行,ずいこう,수행
business,送迎,そうげい,송영 (마중과 배웅)
business,出迎え,でむかえ,마중
business,見学,けんがく,견학
business,視察,しさつ,시찰
business,工場見学,こうじょうけんがく,공장 견학
business,現場,げんば,현장
business,現地視察,げんちしさつ,현지 시찰
business,おっしゃる通りです,おっしゃるとおりです,말씀하신 대로입니다
business,ごもっともです,ごもっともです,지당하신 말씀입니다
business,かしこまりました,かしこまりました,알겠습니다 (겸양)
business,承知いたしました,しょうちいたしました,알겠습니다
business,承知しました,しょうちしました,알겠습니다
business,畏まりました,かしこまりました,삼가 알겠습니다
business,少々お待ちください,しょうしょうおまちください,잠시만 기다려 주십시오
business,少々お時間をいただけますか,しょうしょうおじかんをいただけますか,잠시 시간을 주시겠습니까?
business,お時間よろしいでしょうか,おじかんよろしいでしょうか,시간 괜찮으십니까?
business,ご都合はいかがでしょうか,ごつごうはいかがでしょうか,사정은 어떠십니까?
business,いかがでしょうか,いかがでしょうか,어떠십니까?
business,いかがですか,いかがですか,어떠세요?
business,差し支えなければ,さしつかえなければ,괜찮으시다면
business,よろしければ,よろしければ,괜찮으시다면
business,もしよろしければ,もしよろしければ,혹시 괜찮으시다면
business,可能であれば,かのうであれば,가능하다면
business,ご都合がよろしければ,ごつごうがよろしければ,사정이 괜찮으시다면
business,ご検討いただけますでしょうか,ごけんとういただけますでしょうか,검토해 주실 수 있을까요?
business,ご確認いただけますでしょうか,ごかくにんいただけますでしょうか,확인해 주실 수 있을까요?
business,ご対応いただけますでしょうか,ごたいおういただけますでしょうか,대응해 주실 수 있을까요?
business,ご協力いただけますと幸いです,ごきょうりょくいただけますとさいわいです,협력해 주시면 감사하겠습니다
business,幸いです,さいわいです,다행입니다 / 감사하겠습니다
business,幸い,さいわい,다행 / 행운
business,助かります,たすかります,도움이 됩니다
business,ありがたい,有り難い,고맙다
business,有難うございます,ありがとうございます,감사합니다
business,痛み入ります,いたみいります,송구스럽습니다
business,光栄,こうえい,영광
business,光栄です,こうえいです,영광입니다
business,恐れ入りますが,おそれいりますが,송구합니다만
business,お手数ですが,おてすうですが,번거로우시겠지만
business,お忙しい中,おいそがしいなか,바쁘신 가운데
business,ご多忙のところ,ごたぼうのところ,바쁘신 중에
business,お言葉に甘えて,おことばにあまえて,말씀에 감사히 따라
business,お言葉,おことば,말씀
business,〜と申します,ともうします,~라고 합니다
business,〜でございます,〜でございます,~입니다 (정중)
business,〜でいらっしゃいます,〜でいらっしゃいます,~이십니다
business,〜させていただきます,〜させていただきます,~하겠습니다 (겸손)
business,〜していただけますか,〜していただけますか,~해 주시겠습니까?
business,〜いただければ,〜いただければ,~해 주신다면
business,〜くださいませ,〜くださいませ,~해 주십시오
business,〜願えますか,ねがえますか,~부탁드릴 수 있을까요?
business,〜いたします,〜いたします,~하겠습니다
business,〜ております,〜ております,~하고 있습니다 (겸양)
business,〜になります,〜になります,~이 됩니다
business,〜かと存じます,とぞんじます,~라고 생각합니다
business,〜いただけたら,〜いただけたら,~해 주신다면
business,〜の件,のけん,~의 건
business,〜につきまして,〜につきまして,~에 관해서
business,〜に関しまして,にかんしまして,~에 관해서
business,〜に際して,にさいして,~에 즈음하여
business,〜の際,のさい,~할 때
business,〜に当たって,にあたって,~에 즈음하여
business,〜につき,〜につき,~로 인해 / ~에 대해
business,〜の上で,のうえで,~하는 데 있어서
business,〜を踏まえて,をふまえて,~를 바탕으로
business,〜をもとに,〜をもとに,~을 토대로
business,〜に基づいて,にもとづいて,~에 기반하여
business,〜に沿って,にそって,~에 따라
business,〜に応じて,におうじて,~에 따라
business,〜に伴い,にともない,~에 따라
business,〜に対して,にたいして,~에 대하여
business,〜に関して,にかんして,~에 관하여
business,〜において,〜において,~에서
business,〜にわたって,〜にわたって,~에 걸쳐
business,〜をはじめ,〜をはじめ,~을 비롯해
business,〜に限り,にかぎり,~에 한해
business,〜に限らず,にかぎらず,~에 국한되지 않고
business,〜を問わず,をとわず,~을 불문하고
business,〜はもとより,〜はもとより,~은 물론이고
business,〜のみならず,〜のみならず,~뿐만 아니라
business,〜かねる,〜かねる,~하기 어렵다
business,〜かねない,〜かねない,~할 수도 있다
business,〜ざるを得ない,ざるをえない,~하지 않을 수 없다
business,〜わけにはいかない,〜わけにはいかない,~할 수는 없다
business,〜に違いない,にちがいない,~임에 틀림없다
business,〜に過ぎない,にすぎない,~에 불과하다
business,〜次第,しだい,~하는 대로 / ~에 달려 있다
business,〜上,じょう,~상
business,〜際に,さいに,~할 때
business,〜ついでに,〜ついでに,~하는 김에
business,〜つつ,〜つつ,~하면서도
business,〜うえで,上で,~한 다음에
business,〜うちに,内に,~하는 동안에
business,〜最中,さいちゅう,~하는 중
business,〜以上,いじょう,~한 이상
business,〜以内,いない,~이내
business,〜以降,いこう,~이후
business,〜以前,いぜん,~이전
business,〜まで,〜まで,~까지
business,〜から,〜から,~부터
business,〜の都合,のつごう,~의 사정
business,〜をお願いします,をおねがいします,~을 부탁합니다
business,〜の程,のほど,~하기를 (정중)
business,〜の旨,のむね,~라는 취지
business,〜の通り,のとおり,~대로
business,〜致しました,いたしました,~했습니다
business,〜の件でご連絡,のけんでごれんらく,~건으로 연락
business,〜に変更,にへんこう,~으로 변경
business,〜と致します,といたします,~로 하겠습니다
business,〜よろしくお願いいたします,〜よろしくお願いいたします,~잘 부탁드립니다
business,つきましては,つきましては,그래서 / 이에 따라
business,ついては,ついては,이에 관해서
business,従いまして,したがいまして,따라서
business,したがって,したがって,따라서
business,よって,よって,따라서
business,ゆえに,ゆえに,그러므로
business,なお,なお,덧붙여
business,ちなみに,ちなみに,참고로
business,おそらく,恐らく,아마
business,あらかじめ,予め,미리
business,事前に,じぜんに,사전에
business,事後,じご,사후
business,前もって,まえもって,미리
business,併せて,あわせて,아울러
business,併せてご確認,あわせてごかくにん,아울러 확인
business,同時に,どうじに,동시에
business,並行して,へいこうして,병행하여
business,引き続き,ひきつづき,계속해서
business,今後とも,こんごとも,앞으로도
business,引き続きよろしくお願いします,ひきつづきよろしくおねがいします,계속 잘 부탁드립니다
business,略式ながら,りゃくしきながら,약식이지만
business,取り急ぎ,とりいそぎ,우선 급히
business,まずは,まずは,우선
business,とりあえず,とりあえず,일단
business,一度,いちど,한 번
business,再度,さいど,재차
business,お伝えください,おつたえください,전해 주십시오
business,お伝えします,おつたえします,전해 드리겠습니다
business,お伝え,おつたえ,전달
business,お聞きしたい,おききしたい,여쭙고 싶다
business,お聞き,おき,들음 / 여쭘
business,お尋ね,おたずね,여쭘 / 질문
business,お尋ねしたい,おたずねしたい,여쭙고 싶다
business,お話,おはなし,이야기
business,お話しできる,おはなしできる,말씀 나눌 수 있다
business,お目にかかれて,おめにかかれて,뵙게 되어
business,お会いできて,おあいできて,만나 뵙게 되어
business,お会い,おあい,만남
business,お会いする,おあいする,만나 뵙다
business,お会いできる,おあいできる,만나 뵐 수 있다
business,お返しする,おかえしする,돌려드리다
business,お返し,おかえし,답례
business,業務,ぎょうむ,업무
business,仕事,しごと,일
business,職場,しょくば,직장
business,勤務,きんむ,근무
business,勤務先,きんむさき,근무처
business,勤務時間,きんむじかん,근무 시간
business,就業,しゅうぎょう,취업 / 근무
business,就業規則,しゅうぎょうきそく,취업 규칙
business,出勤,しゅっきん,출근
business,退勤,たいきん,퇴근
business,欠勤,けっきん,결근
business,早退,そうたい,조퇴
business,遅刻届,ちこくとどけ,지각 신고
business,残業代,ざんぎょうだい,잔업 수당
business,休日出勤,きゅうじつしゅっきん,휴일 출근
business,代休,だいきゅう,대체 휴가
business,振替休日,ふりかえきゅうじつ,대체 공휴일
business,勤怠,きんたい,근태
business,勤怠管理,きんたいかんり,근태 관리
business,タイムカード,タイムカード,타임카드
business,シフト,シフト,시프트 (교대 근무)
business,当番,とうばん,당번
business,交代,こうたい,교대
business,分担,ぶんたん,분담
business,役割,やくわり,역할
business,役割分担,やくわりぶんたん,역할 분담
business,責務,せきむ,책무
business,職務,しょくむ,직무
business,職種,しょくしゅ,직종
business,職位,しょくい,직위
business,職員,しょくいん,직원
business,従業員,じゅうぎょういん,종업원
business,社員,しゃいん,사원
business,正社員,せいしゃいん,정사원
business,契約社員,けいやくしゃいん,계약 사원
business,派遣社員,はけんしゃいん,파견 사원
business,アルバイト,アルバイト,아르바이트
business,パート,パート,파트타임
business,新入社員,しんにゅうしゃいん,신입 사원
business,新人,しんじん,신입
business,中途採用,ちゅうとさいよう,경력 채용
business,新卒,しんそつ,신규 졸업자
business,人事,じんじ,인사
business,人事部,じんじぶ,인사부
business,総務,そうむ,총무
business,総務部,そうむぶ,총무부
business,経理部,けいりぶ,경리부
business,営業部,えいぎょうぶ,영업부
business,企画部,きかくぶ,기획부
business,開発部,かいはつぶ,개발부
business,管理部門,かんりぶもん,관리 부문
business,部門,ぶもん,부문
business,課,か,과
business,班,はん,반
business,チーム,チーム,팀
business,グループ,グループ,그룹
business,プロジェクト,プロジェクト,프로젝트
business,プロジェクトチーム,プロジェクトチーム,프로젝트 팀
business,リーダー,リーダー,리더
business,メンバー,メンバー,멤버
business,マネージャー,マネージャー,매니저
business,管理職,かんりしょく,관리직
business,幹部,かんぶ,간부
business,経営,けいえい,경영
business,経営者,けいえいしゃ,경영자
business,経営陣,けいえいじん,경영진
business,経営層,けいえいそう,경영층
business,経営判断,けいえいはんだん,경영 판단
business,組織,そしき,조직
business,組織図,そしきず,조직도
business,体制作り,たいせいづくり,체제 구축
business,指揮,しき,지휘
business,指導,しどう,지도
business,育成,いくせい,육성
business,教育,きょういく,교육
business,研修,けんしゅう,연수
business,研修会,けんしゅうかい,연수회
business,勉強会,べんきょうかい,스터디 모임
business,講習,こうしゅう,강습
business,資格,しかく,자격
business,スキル,スキル,스킬
business,能力,のうりょく,능력
business,実力,じつりょく,실력
business,経験,けいけん,경험
business,経歴,けいれき,경력
business,知識,ちしき,지식
business,知見,ちけん,식견
business,ノウハウ,ノウハウ,노하우
business,専門,せんもん,전문
business,専門家,せんもんか,전문가
business,専門知識,せんもんちしき,전문 지식
business,得意分野,とくいぶんや,잘하는 분야
business,分野,ぶんや,분야
business,領域,りょういき,영역
business,範囲,はんい,범위
business,対象,たいしょう,대상
business,対象外,たいしょうがい,대상 외
business,範囲外,はんいがい,범위 외
business,担当範囲,たんとうはんい,담당 범위
business,業務範囲,ぎょうむはんい,업무 범위
business,業務内容,ぎょうむないよう,업무 내용
business,業務量,ぎょうむりょう,업무량
business,業務負担,ぎょうむふたん,업무 부담
business,負荷,ふか,부하
business,過重,かじゅう,과중
business,多忙,たぼう,매우 바쁨
business,繁忙期,はんぼうき,바쁜 시기
business,閑散期,かんさんき,한산한 시기
business,忙しい時期,いそがしいじき,바쁜 시기
business,タスク,タスク,태스크
business,課題管理,かだいかんり,과제 관리
business,工程,こうてい,공정
business,工程表,こうていひょう,공정표
business,工期,こうき,공기
business,作業,さぎょう,작업
business,作業時間,さぎょうじかん,작업 시간
business,作業工程,さぎょうこうてい,작업 공정
business,作業手順,さぎょうてじゅん,작업 절차
business,手順書,てじゅんしょ,절차서
business,マニュアル,マニュアル,매뉴얼
business,業務マニュアル,業務マニュアル,업무 매뉴얼
business,ルール,ルール,룰
business,決まり,きまり,규칙
business,慣例,かんれい,관례
business,慣習,かんしゅう,관습
business,社内,しゃない,사내
business,社外,しゃがい,사외
business,社内規定,しゃないきてい,사내 규정
business,社内ルール,社内ルール,사내 룰
business,社内調整,しゃないちょうせい,사내 조정
business,社内共有,しゃないきょうゆう,사내 공유
business,社内会議,しゃないかいぎ,사내 회의
business,社内連絡,しゃないれんらく,사내 연락
business,社内向け,しゃないむけ,사내용
business,社外秘,しゃがいひ,사외비
business,部外秘,ぶがいひ,부외비
business,極秘,ごくひ,극비
business,内密,ないみつ,내밀
business,内部,ないぶ,내부
business,外部,がいぶ,외부
business,内々,ないない,내밀히
business,非公式,ひこうしき,비공식
business,公式,こうしき,공식
business,正式な,せいしきな,정식의
business,形式的,けいしきてき,형식적
business,事務,じむ,사무
business,事務所,じむしょ,사무소
business,事務作業,じむさぎょう,사무 작업
business,事務処理,じむしょり,사무 처리
business,事務手続き,じむてつづき,사무 절차
business,庶務,しょむ,서무
business,雑務,ざつむ,잡무
business,雑用,ざつよう,잡일
business,備品,びひん,비품
business,消耗品,しょうもうひん,소모품
business,事務用品,じむようひん,사무용품
business,文房具,ぶんぼうぐ,문구
business,コピー,コピー,복사
business,コピー機,コピーき,복사기
business,印刷,いんさつ,인쇄
business,印刷する,いんさつする,인쇄하다
business,プリンター,プリンター,프린터
business,スキャン,スキャン,스캔
business,製本,せいほん,제본
business,ホッチキス,ホッチキス,스테이플러
business,クリップ,クリップ,클립
business,ファイリング,ファイリング,파일링
business,整理,せいり,정리
business,整頓,せいとん,정돈
business,整理整頓,せいりせいとん,정리 정돈
business,保管,ほかん,보관
business,保存期間,ほぞんきかん,보존 기간
business,保管場所,ほかんばしょ,보관 장소
business,管理,かんり,관리
business,管理者,かんりしゃ,관리자
business,管理責任,かんりせきにん,관리 책임
business,運営,うんえい,운영
business,運営管理,うんえいかんり,운영 관리
business,運営方針,うんえいほうしん,운영 방침
business,営み,いとなみ,영위
business,稼働,かどう,가동
business,稼働率,かどうりつ,가동률
business,稼働中,かどうちゅう,가동 중
business,稼ぐ,かせぐ,벌다
business,稼ぎ,かせぎ,벌이
business,給与,きゅうよ,급여
business,給料,きゅうりょう,급료
business,賞与,しょうよ,상여
business,ボーナス,ボーナス,보너스
business,手当,てあて,수당
business,交通費,こうつうひ,교통비
business,福利厚生,ふくりこうせい,복리후생
business,社会保険,しゃかいほけん,사회 보험
business,健康保険,けんこうほけん,건강 보험
business,年金,ねんきん,연금
business,雇用,こよう,고용
business,雇用契約,こようけいやく,고용 계약
business,雇用保険,こようほけん,고용 보험
business,労働,ろうどう,노동
business,労働時間,ろうどうじかん,노동 시간
business,労働条件,ろうどうじょうけん,노동 조건
business,労働者,ろうどうしゃ,노동자
business,労務,ろうむ,노무
business,立ち上げ,たちあげ,시작 / 설립
business,立ち上げる,たちあげる,출범시키다
business,着手,ちゃくしゅ,착수
business,着工,ちゃっこう,착공
business,取りかかる,とりかかる,착수하다
business,取り組む,とりくむ,몰두하다 / 임하다
business,取り組み,とりくみ,대처 / 노력
business,取り掛かる,とりかかる,착수하다
business,手掛ける,てがける,손수 다루다
business,携わる,たずさわる,종사하다
business,従事,じゅうじ,종사
business,請け負い,うけおい,도급
business,受け持つ,うけもつ,맡다
business,引き受け,ひきうけ,맡음
business,任される,まかされる,맡겨지다
business,割り当て,わりあて,할당
business,割り当てる,わりあてる,할당하다
business,振り分け,ふりわけ,분배
business,振り分ける,ふりわける,분배하다
business,配分,はいぶん,배분
business,配置,はいち,배치
business,配属,はいぞく,배속
business,増員,ぞういん,증원
business,減員,げんいん,감원
business,人員,じんいん,인원
business,人手,ひとで,일손
business,人材,じんざい,인재
business,人材育成,じんざいいくせい,인재 육성
business,人員不足,じんいんぶそく,인원 부족
business,欠員,けついん,결원
business,補充,ほじゅう,보충
business,補佐,ほさ,보좌
business,サポート役,サポートやく,지원 역할
business,支援,しえん,지원
business,援助,えんじょ,원조
business,応援要請,おうえんようせい,응원 요청
business,協力体制,きょうりょくたいせい,협력 체제
business,連携体制,れんけいたいせい,연계 체제
business,チームワーク,チームワーク,팀워크
business,意思疎通,いしそつう,의사소통
business,コミュニケーション,コミュニケーション,커뮤니케이션
business,報連相,ほうれんそう,보고·연락·상담
business,情報共有,じょうほうきょうゆう,정보 공유
business,共有事項,きょうゆうじこう,공유 사항
business,周知徹底,しゅうちてってい,철저한 주지
business,徹底する,てっていする,철저히 하다
business,浸透,しんとう,침투
business,定着,ていちゃく,정착
business,習慣化,しゅうかんか,습관화
business,標準化,ひょうじゅんか,표준화
business,統一,とういつ,통일
business,統合,とうごう,통합
business,整備,せいび,정비
business,構築,こうちく,구축
business,確立,かくりつ,확립
business,策定,さくてい,책정
business,制定,せいてい,제정
business,設立,せつりつ,설립
business,設置,せっち,설치
business,設備,せつび,설비
business,機器,きき,기기
business,機材,きざい,기자재
business,機械,きかい,기계
business,装置,そうち,장치
business,道具,どうぐ,도구
business,工具,こうぐ,공구
business,備える,そなえる,대비하다 / 갖추다
business,備え,そなえ,대비
business,用意周到,よういしゅうとう,용의주도
business,万全,ばんぜん,만전
business,万が一,まんがいち,만일
business,万一,まんいち,만일
business,想定,そうてい,상정
business,想定内,そうていない,예상 범위 내
business,予防,よぼう,예방
business,防止,ぼうし,방지
business,防ぐ,ふせぐ,막다
business,回避,かいひ,회피
business,避ける,さける,피하다
business,抑える,おさえる,억제하다
business,抑制,よくせい,억제
business,制限,せいげん,제한
business,制約,せいやく,제약
business,規制,きせい,규제
business,緩和,かんわ,완화
business,軽減,けいげん,경감
business,低減,ていげん,저감
business,減らす,へらす,줄이다
business,増やす,ふやす,늘리다
business,上げる,あげる,올리다
business,下げる,さげる,내리다
business,伸ばす,のばす,늘리다 / 신장시키다
business,伸びる,のびる,늘다 / 성장하다
business,落ち込む,おちこむ,침체되다
business,低迷,ていめい,저조
business,停滞,ていたい,정체
business,横ばい,よこばい,보합
business,右肩上がり,みぎかたあがり,우상향
business,右肩下がり,みぎかたさがり,우하향
business,急増,きゅうぞう,급증
business,急減,きゅうげん,급감
business,急落,きゅうらく,급락
business,急上昇,きゅうじょうしょう,급상승
business,大幅,おおはば,대폭
business,わずか,わずか,근소함
business,僅か,わずか,근소함
business,微増,びぞう,미증
business,微減,びげん,미감
business,概ね,おおむね,대체로
business,大半,たいはん,대부분
business,大部分,だいぶぶん,대부분
business,大多数,だいたすう,대다수
business,過半数,かはんすう,과반수
business,少数,しょうすう,소수
business,多数決,たすうけつ,다수결
business,割合的,わりあいてき,비율적
business,約,やく,약
business,およそ,およそ,대략
business,ほぼ,ほぼ,거의
business,ざっと,ざっと,대충
business,目安,めやす,기준 / 가늠
business,目途,めど,전망 / 목표
business,目処,めど,전망
business,見当,けんとう,짐작
business,めどが立つ,めどがたつ,전망이 서다
business,めどが立たない,めどがたたない,전망이 서지 않다
business,先行き,さきゆき,앞날
business,展望,てんぼう,전망
business,先見,せんけん,선견
business,中長期,ちゅうちょうき,중장기
business,短期的,たんきてき,단기적
business,長期的,ちょうきてき,장기적
business,当面の,とうめんの,당면한
business,直近,ちょっきん,최근
business,直前,ちょくぜん,직전
business,直後,ちょくご,직후
business,直ちに,ただちに,즉시
business,即座に,そくざに,즉석에서
business,早速,さっそく,즉시
business,早めに,はやめに,일찍이
business,なるべく早く,なるべくはやく,가능한 빨리
business,できるだけ,できるだけ,가능한 한
business,極力,きょくりょく,극력
business,可能な限り,かのうなかぎり,가능한 한
business,最大限,さいだいげん,최대한
business,最小限,さいしょうげん,최소한
business,最低限,さいていげん,최소한
business,上限,じょうげん,상한
business,下限,かげん,하한
business,限度,げんど,한도
business,限界,げんかい,한계
business,限定,げんてい,한정
business,限られる,かぎられる,한정되다
business,区切り,くぎり,단락 / 매듭
business,区切る,くぎる,구분하다
business,区分,くぶん,구분
business,区別,くべつ,구별
business,分類,ぶんるい,분류
business,分ける,わける,나누다
business,分かれる,わかれる,나뉘다
business,仕分け,しわけ,분류
business,整える,ととのえる,정돈하다
business,揃える,そろえる,갖추다
business,揃う,そろう,갖추어지다
business,漏らす,もらす,누설하다
business,抜かりなく,ぬかりなく,빈틈없이
business,抜かり,ぬかり,빈틈
business,怠る,おこたる,게을리하다
business,怠慢,たいまん,태만
business,怠け,なまけ,게으름
business,サボる,サボる,땡땡이치다
business,手を抜く,てをぬく,대충 하다
business,手抜き,てぬき,날림
business,粗雑,そざつ,조잡
business,杜撰,ずさん,엉성함
business,雑,ざつ,조잡함
business,丁寧に,ていねいに,정성스럽게
business,入念,にゅうねん,꼼꼼함
business,念入り,ねんいり,공들임
business,綿密,めんみつ,면밀
business,緻密,ちみつ,치밀
business,細かい,こまかい,세세하다
business,細心,さいしん,세심
business,慎重に,しんちょうに,신중하게
business,注意深い,ちゅういぶかい,주의 깊다
business,用心,ようじん,조심
business,警戒,けいかい,경계
business,警告,けいこく,경고
business,注意喚起,ちゅういかんき,주의 환기
business,喚起,かんき,환기
business,促す,うながす,촉구하다
business,呼びかける,よびかける,호소하다
business,呼びかけ,よびかけ,호소
business,抱える,かかえる,떠안다
business,見込む,みこむ,예상하다
business,踏まえる,ふまえる,근거로 하다
business,上回る,うわまわる,웃돌다
business,下回る,したまわる,밑돌다
business,上乗せ,うわのせ,얹음
business,差し引く,さしひく,빼다 / 공제하다
business,差し引き,さしひき,차감
business,見合う,みあう,걸맞다
business,兼ねる,かねる,겸하다
business,含む,ふくむ,포함하다
business,含める,ふくめる,포함시키다
business,除く,のぞく,제외하다
business,除外,じょがい,제외
business,及ぶ,およぶ,미치다
business,至る,いたる,이르다
business,占める,しめる,차지하다
business,挙げる,あげる,들다 (예를)
business,挙がる,あがる,오르다 / 거론되다
business,示す,しめす,나타내다 / 보이다
business,表す,あらわす,나타내다
business,現れる,あらわれる,나타나다
business,生じる,しょうじる,생기다
business,引き起こす,ひきおこす,일으키다
business,もたらす,もたらす,가져오다
business,及ぼす,およぼす,끼치다
business,影響,えいきょう,영향
business,影響力,えいきょうりょく,영향력
business,影響を受ける,えいきょうをうける,영향을 받다
business,反映,はんえい,반영
business,反映する,はんえいする,반영하다
business,反響,はんきょう,반향
business,反応,はんのう,반응
business,反省,はんせい,반성
business,反省点,はんせいてん,반성할 점
business,振り返り,ふりかえり,회고
business,振り返る,ふりかえる,돌아보다
business,総括,そうかつ,총괄
business,総合,そうごう,종합
business,総計,そうけい,총계
business,総務課,そうむか,총무과
business,概念,がいねん,개념
business,概要説明,がいようせつめい,개요 설명
business,理念,りねん,이념
business,理想,りそう,이상
business,理想的,りそうてき,이상적
business,現実,げんじつ,현실
business,現実的,げんじつてき,현실적
business,実態,じったい,실태
business,実情,じつじょう,실정
business,実際,じっさい,실제
business,実質,じっしつ,실질
business,実質的,じっしつてき,실질적
business,実用,じつよう,실용
business,実用的,じつようてき,실용적
business,実践,じっせん,실천
business,実験,じっけん,실험
business,実例,じつれい,실례
business,事例,じれい,사례
business,具体例,ぐたいれい,구체적 예
business,事例紹介,じれいしょうかい,사례 소개
business,前例,ぜんれい,전례
business,先例,せんれい,선례
business,前例がない,ぜんれいがない,전례가 없다
business,例外,れいがい,예외
business,特例,とくれい,특례
business,特殊,とくしゅ,특수
business,独自,どくじ,독자
business,独特,どくとく,독특
business,独立,どくりつ,독립
business,独占,どくせん,독점
business,共同,きょうどう,공동
business,共同作業,きょうどうさぎょう,공동 작업
business,共同開発,きょうどうかいはつ,공동 개발
business,合同,ごうどう,합동
business,合併,がっぺい,합병
business,買収,ばいしゅう,매수
business,吸収,きゅうしゅう,흡수
business,統廃合,とうはいごう,통폐합
business,再編,さいへん,재편
business,再構築,さいこうちく,재구축
business,改革,かいかく,개혁
business,革新,かくしん,혁신
business,刷新,さっしん,쇄신
business,変革,へんかく,변혁
business,転換,てんかん,전환
business,転換期,てんかんき,전환기
business,移行,いこう,이행
business,移管,いかん,이관
business,移転,いてん,이전
business,移動,いどう,이동
business,引っ越し,ひっこし,이사
business,拠点,きょてん,거점
business,配置換え,はいちがえ,배치 전환
business,組み替え,くみかえ,재편성
business,見直し案,みなおしあん,재검토안
business,改定,かいてい,개정
business,改正,かいせい,개정 (법)
business,廃止,はいし,폐지
business,撤廃,てっぱい,철폐
business,撤退,てったい,철수
business,縮小傾向,しゅくしょうけいこう,축소 경향
business,拡充,かくじゅう,확충
business,拡張,かくちょう,확장
business,増設,ぞうせつ,증설
business,新設,しんせつ,신설
business,開設,かいせつ,개설
business,開業,かいぎょう,개업
business,創業,そうぎょう,창업
business,起業,きぎょう,기업 (창업)
business,起業家,きぎょうか,창업가
business,倒産,とうさん,도산
business,破産,はさん,파산
business,経営難,けいえいなん,경영난
business,不況,ふきょう,불황
business,好況,こうきょう,호황
business,景気,けいき,경기
business,景気回復,けいきかいふく,경기 회복
business,回復,かいふく,회복
business,復旧,ふっきゅう,복구
business,復帰,ふっき,복귀
business,再起,さいき,재기
business,立て直し,たてなおし,재건
business,立て直す,たてなおす,재건하다
business,建て直す,たてなおす,다시 짓다
business,挽回,ばんかい,만회
business,巻き返し,まきかえし,반격
business,取り戻す,とりもどす,되찾다
business,補う,おぎなう,보충하다
business,補完,ほかん,보완
business,補強,ほきょう,보강
business,補正,ほせい,보정
business,補足的,ほそくてき,보충적
business,補助,ほじょ,보조
business,補助金,ほじょきん,보조금
business,助成,じょせい,조성
business,助成金,じょせいきん,조성금
business,奨励,しょうれい,장려
business,奨励金,しょうれいきん,장려금
business,優遇,ゆうぐう,우대
business,優遇措置,ゆうぐうそち,우대 조치
business,特典,とくてん,특전
business,特別価格,とくべつかかく,특별 가격
business,特別対応,とくべつたいおう,특별 대응
business,特別扱い,とくべつあつかい,특별 취급
business,扱う,あつかう,다루다
business,取り扱い,とりあつかい,취급
business,取扱説明書,とりあつかいせつめいしょ,취급 설명서
business,取扱店,とりあつかいてん,취급점
business,取り扱い注意,とりあつかいちゅうい,취급 주의
business,取り決め,とりきめ,약정 / 결정
business,取り決める,とりきめる,결정하다
business,取り交わす,とりかわす,주고받다 / 교환하다
business,取り付ける,とりつける,얻어내다 / 설치하다
business,取り入れる,とりいれる,받아들이다
business,取り込む,とりこむ,받아들이다
business,取り下げる,とりさげる,철회하다
business,取り止め,とりやめ,중지
business,取りまとめ,とりまとめ,취합
business,取りまとめる,とりまとめる,취합하다
business,取りまとめ役,とりまとめやく,취합 담당
business,取りこぼし,とりこぼし,놓침
business,取り急ぎ連絡,とりいそぎれんらく,급히 연락
business,持ち帰る,もちかえる,가지고 돌아가다
business,持ち帰り検討,もちかえりけんとう,가져가서 검토
business,持参,じさん,지참
business,持参する,じさんする,지참하다
business,持ち込む,もちこむ,반입하다
business,持ち寄る,もちよる,가져와 모으다
business,持ち出す,もちだす,가지고 나가다
business,持ち出し禁止,もちだしきんし,반출 금지
business,持ち回り,もちまわり,돌아가며 맡음
business,持ち場,もちば,담당 구역
business,持ち前,もちまえ,타고난 성질
business,システム,システム,시스템
business,ソフトウェア,ソフトウェア,소프트웨어
business,ハードウェア,ハードウェア,하드웨어
business,アプリ,アプリ,앱
business,アプリケーション,アプリケーション,애플리케이션
business,ツール,ツール,툴
business,プラットフォーム,プラットフォーム,플랫폼
business,サーバー,サーバー,서버
business,ネットワーク,ネットワーク,네트워크
business,インターネット,インターネット,인터넷
business,通信,つうしん,통신
business,通信環境,つうしんかんきょう,통신 환경
business,接続,せつぞく,접속 / 연결
business,接続障害,せつぞくしょうがい,접속 장애
business,障害,しょうがい,장애
business,障害対応,しょうがいたいおう,장애 대응
business,復旧作業,ふっきゅうさぎょう,복구 작업
business,トラブル,トラブル,트러블
business,トラブル対応,トラブルたいおう,트러블 대응
business,原因,げんいん,원인
business,原因究明,げんいんきゅうめい,원인 규명
business,究明,きゅうめい,규명
business,特定,とくてい,특정
business,追跡,ついせき,추적
business,調査結果,ちょうさけっか,조사 결과
business,再現,さいげん,재현
business,再現性,さいげんせい,재현성
business,暫定対応,ざんていたいおう,잠정 대응
business,恒久対応,こうきゅうたいおう,항구 대응
business,恒久,こうきゅう,항구
business,抜本的,ばっぽんてき,발본적
business,根本的,こんぽんてき,근본적
business,根本原因,こんぽんげんいん,근본 원인
business,根本,こんぽん,근본
business,徹底的,てっていてき,철저함
business,応急処置,おうきゅうしょち,응급 처치
business,応急,おうきゅう,응급
business,緊急対応,きんきゅうたいおう,긴급 대응
business,緊急事態,きんきゅうじたい,긴급 사태
business,危機,きき,위기
business,危機管理,ききかんり,위기 관리
business,危機感,ききかん,위기감
business,リスク管理,リスクかんり,리스크 관리
business,安全管理,あんぜんかんり,안전 관리
business,安全対策,あんぜんたいさく,안전 대책
business,安全第一,あんぜんだいいち,안전 제일
business,事故防止,じこぼうし,사고 방지
business,労働災害,ろうどうさいがい,산업 재해
business,災害,さいがい,재해
business,災害対策,さいがいたいさく,재해 대책
business,避難,ひなん,피난
business,避難訓練,ひなんくんれん,피난 훈련
business,防災,ぼうさい,방재
business,防火,ぼうか,방화
business,消火,しょうか,소화
business,非常時,ひじょうじ,비상시
business,非常事態,ひじょうじたい,비상사태
business,不正,ふせい,부정
business,不正アクセス,不正アクセス,부정 접속
business,不祥事,ふしょうじ,불상사
business,不備がある,ふびがある,미비가 있다
business,問題が生じる,もんだいがしょうじる,문제가 생기다
business,問題が発生,もんだいがはっせい,문제 발생
business,発生,はっせい,발생
business,発覚,はっかく,발각 / 드러남
business,判明,はんめい,판명
business,明らか,あきらか,명백함
business,明らかになる,あきらかになる,밝혀지다
business,明らかにする,あきらかにする,밝히다
business,明白,めいはく,명백
business,露呈,ろてい,노출 (드러남)
business,露見,ろけん,발각
business,把握する,はあくする,파악하다
business,見落とし,みおとし,간과
business,見落とす,みおとす,놓치다
business,見逃す,みのがす,놓치다 / 눈감다
business,見過ごす,みすごす,간과하다
business,見誤る,みあやまる,잘못 보다
business,見極める,みきわめる,꿰뚫어 보다
business,見定める,みさだめる,확정하다
business,見据える,みすえる,응시하다
business,見込み違い,みこみちがい,예상 착오
business,見通しが甘い,みとおしがあまい,전망이 안이하다
business,甘く見る,あまくみる,얕보다
business,軽視,けいし,경시
business,重視,じゅうし,중시
business,尊重する,そんちょうする,존중하다
business,考慮する,こうりょする,고려하다
business,配慮する,はいりょする,배려하다
business,重点,じゅうてん,중점
business,重点項目,じゅうてんこうもく,중점 항목
business,重点的,じゅうてんてき,중점적
business,焦点,しょうてん,초점
business,中心,ちゅうしん,중심
business,中核,ちゅうかく,중핵
business,核心,かくしん,핵심
business,肝心,かんじん,중요함 / 핵심
business,肝要,かんよう,긴요함
business,要,かなめ,핵심
business,鍵,かぎ,열쇠
business,鍵となる,かぎとなる,열쇠가 되다
business,カギ,カギ,키 포인트
business,基本,きほん,기본
business,基本的,きほんてき,기본적
business,基盤,きばん,기반
business,基礎,きそ,기초
business,土台,どだい,토대
business,前提として,ぜんていとして,전제로서
business,原則,げんそく,원칙
business,原則として,げんそくとして,원칙적으로
business,原則的,げんそくてき,원칙적
business,大原則,だいげんそく,대원칙
business,方式,ほうしき,방식
business,手法,しゅほう,수법 / 기법
business,手段,しゅだん,수단
business,手立て,てだて,방도
business,策,さく,책
business,施策,しさく,시책
business,対処,たいしょ,대처
business,対処法,たいしょほう,대처법
business,措置を講じる,そちをこうじる,조치를 강구하다
business,講じる,こうじる,강구하다
business,図る,はかる,도모하다
business,計る,はかる,재다
business,測る,はかる,재다
business,量る,はかる,(무게·양을) 재다
business,諮る,はかる,자문하다
business,備品管理,びひんかんり,비품 관리
business,在庫管理,ざいこかんり,재고 관리
business,在庫確認,ざいこかくにん,재고 확인
business,在庫切れ,ざいこぎれ,재고 소진
business,欠品,けっぴん,결품
business,品番,ひんばん,품번
business,型番,かたばん,모델 번호
business,数量,すうりょう,수량
business,個数,こすう,개수
business,〜個,こ,~개
business,〜台,だい,~대
business,〜点,てん,~점
business,〜件,けん,~건
business,〜社,しゃ,~사
business,〜名,めい,~명
business,〜部,ぶ,~부
business,〜枚,まい,~장
business,〜通,つう,~통
business,〜回,かい,~회
business,〜件数,けんすう,~건수
business,件数,けんすう,건수
business,人数,にんずう,인원수
business,人数調整,にんずうちょうせい,인원 조정
business,参加人数,さんかにんずう,참가 인원
business,出席人数,しゅっせきにんずう,출석 인원
business,定員,ていいん,정원
business,定員オーバー,定員オーバー,정원 초과
business,満席,まんせき,만석
business,空席,くうせき,빈자리
business,空き状況,あきじょうきょう,빈 상황
business,空き時間,あきじかん,빈 시간
business,スキマ時間,スキマじかん,틈새 시간
business,隙間,すきま,틈
business,余白,よはく,여백
business,余地,よち,여지
business,余剰,よじょう,여분
business,余分,よぶん,여분
business,過不足,かふそく,과부족
business,過剰,かじょう,과잉
business,過度,かど,과도
business,過大,かだい,과대
business,過小,かしょう,과소
business,適度,てきど,적당한 정도
business,適量,てきりょう,적당량
business,適任,てきにん,적임
business,適任者,てきにんしゃ,적임자
business,適性,てきせい,적성
business,最適化,さいてきか,최적화
business,適合,てきごう,적합
business,不適切,ふてきせつ,부적절
business,不適合,ふてきごう,부적합
business,不十分,ふじゅうぶん,불충분
business,不完全,ふかんぜん,불완전
business,不可欠,ふかけつ,불가결
business,不可能,ふかのう,불가능
business,不可避,ふかひ,불가피
business,避けられない,さけられない,피할 수 없다
business,可能,かのう,가능
business,可否判断,かひはんだん,가부 판단
business,可決,かけつ,가결
business,否決,ひけつ,부결
business,採決,さいけつ,표결
business,議決,ぎけつ,의결
business,議論,ぎろん,논의
business,討議,とうぎ,토의
business,審議,しんぎ,심의
business,協議会,きょうぎかい,협의회
business,委員会,いいんかい,위원회
business,委員,いいん,위원
business,委員長,いいんちょう,위원장
business,幹事,かんじ,간사
business,書記,しょき,서기
business,議長,ぎちょう,의장
business,提議,ていぎ,제의
business,動議,どうぎ,동의 (회의 용어)
business,発言,はつげん,발언
business,発言者,はつげんしゃ,발언자
business,意見交換,いけんこうかん,의견 교환
business,情報交換,じょうほうこうかん,정보 교환
business,話し合い,はなしあい,논의
business,話し合う,はなしあう,의논하다
business,擦り合わせ,すりあわせ,조율
business,擦り合わせる,すりあわせる,조율하다
business,すり合わせ,すりあわせ,조율
business,摺り合わせ,すりあわせ,조율
business,詰める,つめる,구체화하다 / 채우다
business,詰め,つめ,마무리
business,詰まる,つまる,막히다
business,最終調整,さいしゅうちょうせい,최종 조정
business,調整役,ちょうせいやく,조정 담당
business,調整中,ちょうせいちゅう,조정 중
business,調整済み,ちょうせいずみ,조정 완료
business,折衝,せっしょう,절충 (교섭)
business,根回し,ねまわし,사전 교섭
business,下準備,したじゅんび,사전 준비
business,下調べ,したしらべ,사전 조사
business,下見,したみ,사전 답사
business,事前準備,じぜんじゅんび,사전 준비
business,事前確認,じぜんかくにん,사전 확인
business,事前連絡,じぜんれんらく,사전 연락
business,事前調整,じぜんちょうせい,사전 조정
business,事前説明,じぜんせつめい,사전 설명
business,人事評価,じんじひょうか,인사 평가
business,考課,こうか,고과
business,査定面談,さていめんだん,사정 면담
business,目標設定,もくひょうせってい,목표 설정
business,目標達成,もくひょうたっせい,목표 달성
business,達成,たっせい,달성
business,達成率,たっせいりつ,달성률
business,未達成,みたっせい,미달성
business,超過達成,ちょうかたっせい,초과 달성
business,超過,ちょうか,초과
business,ノルマ,ノルマ,할당량
business,売上目標,うりあげもくひょう,매출 목표
business,数値目標,すうちもくひょう,수치 목표
business,重要指標,じゅうようしひょう,핵심 지표
business,指標,しひょう,지표
business,KPI,KPI,KPI (핵심 성과 지표)
business,ROI,ROI,ROI (투자 수익률)
business,評価基準,ひょうかきじゅん,평가 기준
business,評価項目,ひょうかこうもく,평가 항목
business,業績評価,ぎょうせきひょうか,업적 평가
business,成績,せいせき,성적
business,成果物,せいかぶつ,성과물
business,成果報告,せいかほうこく,성과 보고
business,功績,こうせき,공적
business,実力主義,じつりょくしゅぎ,실력주의
business,年功序列,ねんこうじょれつ,연공서열
business,成果主義,せいかしゅぎ,성과주의
business,やりがい,やりがい,보람
business,働きがい,はたらきがい,일하는 보람
business,働き方,はたらきかた,일하는 방식
business,働き方改革,はたらきかたかいかく,근무 방식 개혁
business,時短,じたん,시간 단축
business,フレックス,フレックス,유연 근무제
business,裁量,さいりょう,재량
business,裁量労働,さいりょうろうどう,재량 근로
business,権限委譲,けんげんいじょう,권한 위임
business,委譲,いじょう,위임
business,一任,いちにん,일임
business,自主性,じしゅせい,자주성
business,主体性,しゅたいせい,주체성
business,主体的,しゅたいてき,주체적
business,自発的,じはつてき,자발적
business,積極性,せっきょくせい,적극성
business,協調性,きょうちょうせい,협조성
business,責任感,せきにんかん,책임감
business,向上心,こうじょうしん,향상심
business,問題意識,もんだいいしき,문제의식
business,当事者意識,とうじしゃいしき,당사자 의식
business,危機意識,ききいしき,위기의식
business,コスト意識,コストいしき,비용 의식
business,意識,いしき,의식
business,意識改革,いしきかいかく,의식 개혁
business,意識付け,いしきづけ,의식화
business,気配り,きくばり,배려
business,気遣い,きづかい,마음 씀
business,心配り,こころくばり,배려
business,目配り,めくばり,두루 살핌
business,根気,こんき,끈기
business,粘り強い,ねばりづよい,끈기 있다
business,粘り,ねばり,끈기
business,忍耐,にんたい,인내
business,辛抱,しんぼう,참음
business,粘る,ねばる,끈질기게 버티다
business,地道,じみち,착실함
business,着実,ちゃくじつ,착실
business,堅実,けんじつ,견실
business,手堅い,てがたい,견실하다
business,抜群,ばつぐん,뛰어남
business,優秀,ゆうしゅう,우수
business,有能,ゆうのう,유능
business,無能,むのう,무능
business,優れる,すぐれる,뛰어나다
business,劣る,おとる,뒤떨어지다
business,勝る,まさる,낫다
business,匹敵,ひってき,필적
business,上回る成果,うわまわるせいか,웃도는 성과
business,卓越,たくえつ,탁월
business,顕著,けんちょ,현저함
business,著しい,いちじるしい,현저하다
business,目覚ましい,めざましい,눈부시다
business,目立つ,めだつ,눈에 띄다
business,際立つ,きわだつ,두드러지다
business,明確化,めいかくか,명확화
business,可視化,かしか,가시화
business,見える化,みえるか,가시화
business,数値化,すうちか,수치화
business,定量的,ていりょうてき,정량적
business,定性的,ていせいてき,정성적
business,客観的,きゃっかんてき,객관적
business,主観的,しゅかんてき,주관적
business,論理的,ろんりてき,논리적
business,合理的,ごうりてき,합리적
business,理論,りろん,이론
business,筋道,すじみち,조리 / 순서
business,筋が通る,すじがとおる,이치에 맞다
business,辻褄,つじつま,앞뒤 맞음
business,整合,せいごう,정합
business,整合性,せいごうせい,정합성
business,一貫性,いっかんせい,일관성
business,矛盾,むじゅん,모순
business,食い違い,くいちがい,어긋남
business,食い違う,くいちがう,어긋나다
business,かみ合う,かみあう,맞물리다
business,噛み合わない,かみあわない,맞지 않다
business,ずれ,ずれ,어긋남
business,ズレ,ズレ,어긋남 / 차이
business,乖離,かいり,괴리
business,格差,かくさ,격차
business,偏り,かたより,치우침
business,偏る,かたよる,치우치다
business,バランス,バランス,밸런스
business,均衡,きんこう,균형
business,均等,きんとう,균등
business,平等,びょうどう,평등
business,公平,こうへい,공평
business,公正,こうせい,공정
business,透明性,とうめいせい,투명성
business,説明責任,せつめいせきにん,설명 책임
business,コンプライアンス,コンプライアンス,컴플라이언스
business,法令遵守,ほうれいじゅんしゅ,법령 준수
business,倫理,りんり,윤리
business,モラル,モラル,도덕
business,信条,しんじょう,신조
business,社是,しゃぜ,사훈
business,経営理念,けいえいりねん,경영 이념
business,企業理念,きぎょうりねん,기업 이념
business,企業文化,きぎょうぶんか,기업 문화
business,社風,しゃふう,사풍
business,企業,きぎょう,기업
business,企業価値,きぎょうかち,기업 가치
business,企業イメージ,企業イメージ,기업 이미지
business,ブランド,ブランド,브랜드
business,ブランド力,ブランドりょく,브랜드 파워
business,知名度,ちめいど,지명도
business,認知度,にんちど,인지도
business,信用力,しんようりょく,신용력
business,評判,ひょうばん,평판
business,口コミ,くちコミ,입소문
business,好評,こうひょう,호평
business,不評,ふひょう,악평
business,好感,こうかん,호감
business,印象,いんしょう,인상
business,第一印象,だいいちいんしょう,첫인상
business,イメージ,イメージ,이미지
business,マーケティング,マーケティング,마케팅
business,ターゲット,ターゲット,타깃
business,ニーズ,ニーズ,니즈
business,顧客ニーズ,顧客ニーズ,고객 니즈
business,需要予測,じゅようよそく,수요 예측
business,市場規模,しじょうきぼ,시장 규모
business,市場シェア,市場シェア,시장 점유율
business,シェア,シェア,점유율
business,占有率,せんゆうりつ,점유율
business,新規開拓,しんきかいたく,신규 개척
business,開拓,かいたく,개척
business,販路拡大,はんろかくだい,판로 확대
business,拡販,かくはん,판매 확대
business,受注拡大,じゅちゅうかくだい,수주 확대
business,リピーター,リピーター,재방문 고객
business,リピート,リピート,재구매
business,固定客,こていきゃく,단골 고객
business,顧客満足,こきゃくまんぞく,고객 만족
business,顧客満足度,こきゃくまんぞくど,고객 만족도
business,顧客対応,こきゃくたいおう,고객 대응
business,顧客管理,こきゃくかんり,고객 관리
business,接客,せっきゃく,접객
business,応対マナー,おうたいマナー,응대 매너
business,電話対応,でんわたいおう,전화 응대
business,取次,とりつぎ,연결 (전달)
business,取り次ぐ,とりつぐ,연결해 주다
business,折り返し電話,おりかえしでんわ,회신 전화
business,伝言メモ,でんごんメモ,전언 메모
business,留守番電話,るすばんでんわ,자동 응답 전화
business,着信履歴,ちゃくしんりれき,착신 이력
business,不在着信,ふざいちゃくしん,부재중 전화
business,聞き取る,ききとる,알아듣다
business,聞き返す,ききかえす,되묻다
business,聞き逃す,ききのがす,놓쳐 듣다
business,復唱,ふくしょう,복창
business,復唱確認,ふくしょうかくにん,복창 확인
business,聞き違い,ききちがい,잘못 들음
business,言い間違い,いいまちがい,말실수
business,言い換える,いいかえる,바꿔 말하다
business,言い換え,いいかえ,바꿔 말하기
business,言い回し,いいまわし,표현법
business,言い方,いいかた,말투
business,口調,くちょう,어조
business,話し方,はなしかた,말하는 법
business,話題,わだい,화제
business,雑談,ざつだん,잡담
business,世間話,せけんばなし,세상 이야기
business,挨拶回り,あいさつまわり,인사 방문
business,表敬訪問,ひょうけいほうもん,예방 (표경 방문)
business,月例会議,げつれいかいぎ,월례 회의
business,定例会議,ていれいかいぎ,정례 회의
business,定例,ていれい,정례
business,朝礼,ちょうれい,조례
business,終礼,しゅうれい,종례
business,全体会議,ぜんたいかいぎ,전체 회의
business,臨時会議,りんじかいぎ,임시 회의
business,臨時,りんじ,임시
business,役員会,やくいんかい,임원회
business,取締役会,とりしまりやくかい,이사회
business,株主,かぶぬし,주주
business,株主総会,かぶぬしそうかい,주주 총회
business,株式,かぶしき,주식
business,株価,かぶか,주가
business,配当,はいとう,배당
business,利回り,りまわり,수익률
business,利子,りし,이자
business,金利,きんり,금리
business,為替,かわせ,환율 / 환
business,為替レート,為替レート,환율
business,円高,えんだか,엔고
business,円安,えんやす,엔저
business,物価,ぶっか,물가
business,インフレ,インフレ,인플레이션
business,デフレ,デフレ,디플레이션
business,相場,そうば,시세
business,時価,じか,시가
business,定価,ていか,정가
business,卸値,おろしね,도매가
business,卸売,おろしうり,도매
business,小売,こうり,소매
business,小売店,こうりてん,소매점
business,仕入れ,しいれ,매입
business,仕入先,しいれさき,매입처
business,調達,ちょうたつ,조달
business,購買,こうばい,구매
business,購入,こうにゅう,구입
business,購入履歴,こうにゅうりれき,구매 이력
business,入手,にゅうしゅ,입수
business,獲得,かくとく,획득
business,取得,しゅとく,취득
business,確保,かくほ,확보
business,保有,ほゆう,보유
business,所有,しょゆう,소유
business,譲渡,じょうと,양도
business,貸与,たいよ,대여
business,貸し出し,かしだし,대출
business,貸し借り,かしかり,대차
business,賃貸,ちんたい,임대
business,賃料,ちんりょう,임대료
business,家賃,やちん,집세
business,敷金,しききん,보증금
business,リース,リース,리스
business,レンタル,レンタル,렌털
business,利用料,りようりょう,이용료
business,使用料,しようりょう,사용료
business,会費,かいひ,회비
business,年会費,ねんかいひ,연회비
business,月額,げつがく,월액
business,年額,ねんがく,연액
business,定額,ていがく,정액
business,従量,じゅうりょう,종량
business,基本料金,きほんりょうきん,기본 요금
business,追加料金,ついかりょうきん,추가 요금
business,別料金,べつりょうきん,별도 요금
business,実費,じっぴ,실비
business,立替,たてかえ,대납
business,立て替える,たてかえる,대납하다
business,精算,せいさん,정산
business,精算書,せいさんしょ,정산서
business,清算,せいさん,청산
business,経費精算,けいひせいさん,경비 정산
business,経費削減,けいひさくげん,경비 절감
business,出金,しゅっきん,출금
business,伝票,でんぴょう,전표
business,帳簿,ちょうぼ,장부
business,台帳,だいちょう,대장
business,仕訳,しわけ,분개
business,計上,けいじょう,계상
business,計算,けいさん,계산
business,集計,しゅうけい,집계
